AnnotSV_ID	SV_chrom	SV_start	SV_end	SV_length	SV_type	Biologist_annotation	Biologist_ranking	Annotation_mode	Gene_name	Gene_count	Tx	Tx_start	Tx_end	Overlapped_tx_length	Overlapped_CDS_length	Overlapped_CDS_percent	Frameshift	Exon_count	Location	Location2	Dist_nearest_SS	Nearest_SS_type	Intersect_start	Intersect_end	RE_gene	P_gain_phen	P_gain_hpo	P_gain_source	P_gain_coord	P_loss_phen	P_loss_hpo	P_loss_source	P_loss_coord	P_ins_phen	P_ins_hpo	P_ins_source	P_ins_coord	P_snvindel_nb	P_snvindel_phen	B_gain_source	B_gain_coord	B_loss_source	B_loss_coord	B_ins_source	B_ins_coord	B_inv_source	B_inv_coord	TAD_coordinate	ENCODE_experiment	GC_content_left	GC_content_right	Repeat_coord_left	Repeat_type_left	Repeat_coord_right	Repeat_type_right	Gap_left	Gap_right	SegDup_left	SegDup_right	ENCODE_blacklist_left	ENCODE_blacklist_characteristics_left	ENCODE_blacklist_right	ENCODE_blacklist_characteristics_right	ACMG	HI	TS	DDD_HI_percent	DDD_status	DDD_mode	DDD_consequence	DDD_disease	DDD_pmid	ExAC_delZ	ExAC_dupZ	ExAC_cnvZ	ExAC_synZ	ExAC_misZ	OMIM_ID	OMIM_phenotype	OMIM_inheritance	OMIM_morbid	OMIM_morbid_candidate	LOEUF_bin	GnomAD_pLI	ExAC_pLI	Exomiser_gene_pheno_score	Human_pheno_evidence	Mouse_pheno_evidence	Fish_pheno_evidence	AnnotSV_ranking_score	AnnotSV_ranking_criteria	ACMG_class
4_71552_9371067_DEL_1	4	71552	9371067	-9299515	DEL	4p- syndrom	Pathogenic	full	ABCA11P;ABLIM2;ACOX3;ADD1;ADRA2C;AFAP1;AFAP1-AS1;ATP5ME;BLOC1S4;C4orf48;C4orf50;CCDC96;CFAP99;CPLX1;CPZ;CRMP1;CTBP1;CTBP1-AS;CTBP1-DT;CYTL1;DGKQ;DOK7;EVC;EVC2;FAM193A;FAM53A;FAM86EP;FAM90A26;FGFR3;FGFRL1;GAK;GPR78;GRK4;GRPEL1;HAUS3;HGFAC;HMX1;HTRA3;HTT;HTT-AS;IDUA;JAKMIP1;KIAA0232;LETM1;LINC00955;LINC01396;LINC01587;LINC02171;LINC02447;LINC02481;LINC02482;LINC02495;LINC02517;LOC100129917;LOC100129931;LOC100130872;LOC101928279;LOC101928306;LOC105374338;LOC105374344;LOC389199;LOC93622;LRPAP1;LYAR;MAEA;MAN2B2;MFSD10;MIR378D1;MIR4274;MIR4798;MIR4800;MIR571;MIR943;MIR95;MRFAP1;MRFAP1L1;MSANTD1;MSX1;MXD4;MYL5;NAT8L;NELFA;NKX1-1;NOP14;NOP14-AS1;NSD2;NSG1;OTOP1;PCGF3;PDE6B;PIGG;POLN;PPP2R2C;PSAPL1;RGS12;RNF212;RNF4;S100P;SCARNA22;SH3BP2;SH3TC1;SLBP;SLC26A1;SLC49A3;SNORD162;SORCS2;SPON2;STK32B;STX18;STX18-AS1;STX18-IT1;TACC3;TADA2B;TBC1D14;TMED11P;TMEM128;TMEM129;TMEM175;TMEM271;TNIP2;TRMT44;USP17L10;USP17L11;USP17L12;USP17L13;USP17L15;USP17L17;USP17L18;USP17L19;USP17L20;USP17L21;USP17L22;USP17L24;USP17L25;USP17L26;USP17L27;USP17L28;USP17L29;USP17L30;USP17L5;USP17L6P;USP17L9P;UVSSA;WFS1;ZBTB49;ZFYVE28;ZNF141;ZNF595;ZNF718;ZNF721;ZNF732;ZNF876P	152															ABCA11P;ABLIM2;ACOX3;ADD1;ADRA2C;AFAP1;AFAP1-AS1;ATP5ME;BLOC1S4;C4orf48;C4orf50;CCDC96;CFAP99;CPLX1 (EX=0.3663/morbid);CPZ;CRMP1;CTBP1 (EX=0.3152/morbid);CTBP1-AS;CTBP1-DT;CYTL1 (EX=0.2906);DGKQ;DOK7 (EX=0.4003/morbid);EVC (EX=0.6732/morbid);EVC2 (EX=0.6732/morbid);FAM193A;FAM53A;FAM86EP;FAM90A26;FGFR3 (EX=0.9003/morbid);FGFRL1 (EX=0.8347);GAK;GPR78;GRK4;GRPEL1;HAUS3;HGFAC;HMX1 (EX=0.4632/morbid);HTRA3 (morbid);HTT (morbid);HTT-AS;IDUA (EX=0.7305/morbid);JAKMIP1;KIAA0232;LETM1 (EX=0.6060);LINC00955;LINC01396;LINC01587;LINC02171;LINC02447;LINC02481;LINC02482;LINC02495;LINC02517;LOC100129917;LOC100129931;LOC100130872;LOC101928279;LOC101928306;LOC105374338;LOC105374344;LOC389199;LOC93622;LRPAP1 (morbid);LYAR;MAEA;MAN2B2;MFSD10;MIR378D1;MIR4274;MIR4798;MIR4800;MIR571;MIR943;MIR95;MRFAP1;MRFAP1L1;MSANTD1;MSX1 (EX=0.6870/morbid);MXD4;MYL5;NAT8L;NELFA (EX=0.6060);NKX1-1;NOP14;NOP14-AS1;NSD2 (EX=0.6060);NSG1;OTOP1;PCGF3;PDE6B (morbid);PIGG (EX=0.3436/morbid);POLN;PPP2R2C;PSAPL1;RGS12;RNF212 (morbid);RNF4;S100P;SCARNA22;SH3BP2 (EX=0.4348/morbid);SH3TC1 (EX=0.3435);SLBP;SLC26A1;SLC49A3;SNORA48;SNORD162;SORCS2;SPON2;STK32B;STX18;STX18-AS1;STX18-IT1;TACC3 (EX=0.4206);TADA2B;TBC1D14;TMED11P;TMEM128;TMEM129;TMEM175;TMEM271;TNIP2;TRMT44;USP17L10;USP17L11;USP17L12;USP17L13;USP17L15;USP17L17;USP17L18;USP17L19;USP17L20;USP17L21;USP17L22;USP17L24;USP17L25;USP17L26;USP17L27;USP17L28;USP17L29;USP17L30;USP17L5;USP17L6P;USP17L9P;UVSSA (morbid);WFS1 (EX=0.4728/morbid);ZBTB49;ZFYVE28 (EX=0.4287);ZNF141 (EX=0.7344);ZNF595;ZNF718;ZNF721;ZNF732;ZNF876P	Retinitis_pigmentosa	HP:0000547	CLN:801370;dbVar:nssv15124412;dbVar:nssv15130095;dbVar:nssv15132150;dbVar:nssv15132411;dbVar:nssv15132589;dbVar:nssv15133497;dbVar:nssv15153559;dbVar:nssv15161020;dbVar:nssv16216558;dbVar:nssv16255833	4:127233-8667610;4:1420948-1836794;4:1737488-1808653;4:1770486-2303110;4:614355-2959936;4:619583-619584;4:619589-619590;4:619589-619662;4:72447-3848881;4:72447-5608810;4:85040-4597934	?Cataract 41, 116400 (3);Deafness, AD 6;14;38, 600965 (3);Wolfram syndrome 1, 222300 (3);Wolfram-like syndrome, AD, 614296 (3);Diabetes mellitus, noninsulin-dependent, association with, 125853 (3);?Weyers acrofacial dysostosis, 193530 (3);Ellis-van Creveld syndrome, 225500 (3);Achondroplasia, 100800 (3);Bladder cancer, somatic, 109800 (3);CATSHL syndrome, 610474 (3);Cervical cancer, somatic, 603956 (3);Colorectal cancer, somatic, 114500 (3);Crouzon syndrome with acanthosis nigricans, 612247 (3);Hypochondroplasia, 146000 (3);LADD syndrome, 149730 (3);Muenke syndrome, 602849 (3);Nevus, epidermal, somatic, 162900 (3);SADDAN, 616482 (3);Spermatocytic seminoma, somatic, 273300 (3);Thanatophoric dysplasia, type I, 187600 (3);Thanatophoric dysplasia, type II, 187601 (3);Cherubism, 118400 (3);Ectodermal dysplasia 3, Witkop type, 189500 (3);Orofacial cleft 5, 608874 (3);Tooth agenesis, selective, 1, with or without orofacial cleft, 106600 (3);Ellis-van Creveld syndrome, 225500 (3);Weyers acrofacial dysostosis, 193530 (3);Epileptic encephalopathy, early infantile, 63, 617976 (3);Fetal akinesia deformation sequence 3, 618389 (3);Myasthenic syndrome, congenital, 10, 254300 (3);Huntington disease, 143100 (3);Lopes-Maciel-Rodan syndrome, 617435 (3);Anxiety-related personality traits, 607834 (3);Obsessive-compulsive disorder, 164230 (3);Hypotonia, ataxia, developmental delay, and tooth enamel defect syndrome, 617915 (3);Mental retardation, AR 53, 616917 (3);Mucopolysaccharidosis Ih, 607014 (3);Mucopolysaccharidosis Ih;s, 607015 (3);Mucopolysaccharidosis Is, 607016 (3);Mucopolysaccharidosis_type_1;Myopia 23, AR, 615431 (3);Night blindness, congenital stationary, AD 2, 163500 (3);Retinitis pigmentosa-40, 613801 (3);Oculoauricular syndrome, 612109 (3);Recombination rate QTL 1, 612042 (3);UV-sensitive syndrome 3, 614640 (3);Vitreoretinopathy, neovascular inflammatory, 193235 (3);Wolf-Hirschhorn syndrome, 194190 (4)		CLN:961843;HI3:ISCA-37429;dbVar:nssv15119851;dbVar:nssv15121023;dbVar:nssv15121032;dbVar:nssv15121033;dbVar:nssv15121034;dbVar:nssv15121217;dbVar:nssv15121218;dbVar:nssv15121687;dbVar:nssv15122678;dbVar:nssv15123516;dbVar:nssv15124520;dbVar:nssv15127349;dbVar:nssv15130945;dbVar:nssv15131476;dbVar:nssv15131910;dbVar:nssv15132407;dbVar:nssv15132408;dbVar:nssv15132580;nssv15140019;dbVar:nssv15132953;dbVar:nssv15133489;dbVar:nssv15133490;dbVar:nssv15133634;dbVar:nssv15134794;dbVar:nssv15134826;dbVar:nssv15135086;dbVar:nssv15135107;dbVar:nssv15138367;dbVar:nssv15138802;dbVar:nssv15138941;dbVar:nssv15139309;dbVar:nssv15144315;dbVar:nssv15146271;dbVar:nssv15147286;dbVar:nssv15153560;dbVar:nssv15153562;dbVar:nssv15605891;dbVar:nssv15606061;dbVar:nssv15770186;dbVar:nssv15770321;dbVar:nssv16211870;dbVar:nssv16212102;dbVar:nssv16213046;dbVar:nssv16213271;dbVar:nssv16213451;dbVar:nssv16213637;dbVar:nssv16213802;dbVar:nssv16214176;dbVar:nssv16214333;dbVar:nssv16216598;dbVar:nssv16216714;dbVar:nssv16252200;dbVar:nssv16253953;dbVar:nssv16254938;morbid:CPLX1;morbid:CTBP1;morbid:DOK7;morbid:EVC;morbid:EVC2;morbid:FGFR3;morbid:HMX1;morbid:HTRA3;morbid:HTT;morbid:IDUA;morbid:LRPAP1;morbid:MSX1;morbid:PDE6B;morbid:PIGG;morbid:RNF212;morbid:SH3BP2;morbid:UVSSA;morbid:WFS1	4:1087096-1107352;4:1190911-2255904;4:1205232-1244143;4:1228528-2862002;4:129753-9371067;4:1305802-2460571;4:1341343-1381837;4:1701018-1975031;4:1784694-1919793;4:1795038-1810599;4:1827028-1860753;4:1941633-3879802;4:1966266-5913899;4:2009466-3080412;4:2364201-5447465;4:2820540-2842823;4:2909440-6871516;4:3076407-3245687;4:331568-2010962;4:3465093-3495238;4:3475113-3491543;4:3486270-3496209;4:3487246-3495248;4:3487256-3487395;4:3487256-3495238;4:3505338-3534149;4:3776784-7361544;4:4861391-4865660;4:492998-533989;4:507005-2214932;4:5564165-5710286;4:5564565-5759862;4:5564575-5567096;4:5570161-5570377;4:5636439-5710337;4:5690874-5691080;4:5712927-5816032;4:5713253-5713316;4:5731024-5759862;4:5798729-5798979;4:619416-619883;4:6271576-6304992;4:629669-670728;4:646965-664571;4:72247-2402086;4:72447-2110334;4:72447-2327204;4:72447-2691306;4:72447-3208040;4:72447-3563382;4:72447-3725774;4:72447-3787112;4:72447-4360445;4:72447-4889835;4:72447-5036718;4:72447-5214111;4:72447-5346537;4:72447-6245152;4:72447-7831152;4:75742-8672411;4:778744-819917;4:78470-3364946;4:8271480-8308825;4:85040-1921232;4:85040-2010262;4:85040-4407509;4:85040-7065426;4:85040-7845343;4:8613754-8873340;4:8868773-8873565;4:993497-998345;4:996509-998192;4:996510-998191					314	4p_partial_monosomy_syndrome;Abnormality_of_the_cervical_spine;Abnormality_of_the_diaphragm;Abnormality_of_the_vertebral_column;Absence_seizures;Achondroplasia;Arachnodactyly;Autosomal_dominant_nonsyndromic_deafness_6;Autosomal_recessive_retinitis_pigmentosa;Bell-shaped_thorax;Bladder_carcinoma;Bowed_humerus;Camptodactyly-tall_stature-scoliosis-hearing_loss_syndrome;Carcinoma;Carcinoma_of_cervix;Carcinoma_of_colon;Cerebellar_vermis_hypoplasia;Cleft_palate;Cone-rod_dystrophy;Congenital_myasthenic_syndrome;Coronal_craniosynostosis;Craniosynostosis_syndrome;Crouzon_syndrome;Crouzon_syndrome_with_acanthosis_nigricans;Curry-Hall_syndrome;DFNA6/14/38_Nonsyndromic_Low-Frequency_Sensorineural_Hearing_Loss;Dandy-Walker_syndrome;Diabetes_mellitus;Diabetes_mellitus_AND_insipidus_with_optic_atrophy_AND_deafness;Diaphragmatic_eventration;Disproportionate_short-limb_short_stature;Duane_anomaly;Ellis-van_Creveld_syndrome;Epidermal_nevus;FETAL_AKINESIA_DEFORMATION_SEQUENCE_3;FGFR3-related_disorder;Facial_asymmetry;Feeding_difficulties;Femoral_bowing;Fibrous_dysplasia_of_jaw;Global_developmental_delay;Growth_delay;HYPOTONIA,_ATAXIA,_DEVELOPMENTAL_DELAY,_AND_TOOTH_ENAMEL_DEFECT_SYNDROME;Hurler_syndrome;Hydronephrosis;Hydroureter;Hypochondroplasia;Hypoplastic_enamel-onycholysis-hypohidrosis_syndrome;Inborn_genetic_diseases;Infantile_axial_hypotonia;Jeune_thoracic_dystrophy;Laryngomalacia;Leber_congenital_amaurosis;Lethal_short-limbed_short_stature;Levy-Hollister_syndrome;Lower_limb_undergrowth;Lung_adenocarcinoma;Malignant_tumor_of_testis;Mental_retardation,_autosomal_recessive_53;Microglossia;Micrognathia;Mucopolysaccharidosis,_MPS-I-H/S;Mucopolysaccharidosis,_MPS-I-S;Mucopolysaccharidosis_type_1;Muenke_syndrome;Multiple_myeloma;Myasthenia,_limb-girdle,_familial;Narrow_chest;Nyctalopia;PDE6B-Related_Disorders;Papillary_renal_cell_carcinoma,_sporadic;Pena-Shokeir_syndrome_type_I;Rare_genetic_deafness;Retinal_dystrophy;Retinitis_pigmentosa;Retinitis_pigmentosa_40;Saethre-Chotzen_syndrome;Seborrheic_keratosis;Seizures;Sensorineural_hearing_loss;Severe_achondroplasia_with_developmental_delay_and_acanthosis_nigricans;Short_rib-polydactyly_syndrome,_Majewski_type;Short_ribs;Short_stature;Skeletal_dysplasia;Skeletal_dysplasia_with_acanthosis_nigricans;Small_for_gestational_age;Small_hand;Smith-Magenis_Syndrome-like;Spermatocytic_seminoma;Squamous_cell_carcinoma_of_the_head_and_neck;Squamous_cell_lung_carcinoma;Thanatophoric_dysplasia,_type_2;Thanatophoric_dysplasia_type_1;Transitional_cell_carcinoma_of_the_bladder;Type_2_diabetes_mellitus;Type_IV_short_rib_polydactyly_syndrome;Unilateral_renal_agenesis;Upper_limb_undergrowth;Urinary_bladder_cancer;WFS1-Related_Spectrum_Disorders;Wolf-Hirschhorn_like_syndrome;Wolfram-like_syndrome,_autosomal_dominant;Wolfram_syndrome;not_specified									4:1200001-1920000;4:1720001-3040000;4:1720001-3160000;4:1760001-3040000;4:1760001-3080000;4:1760001-3120000;4:1760001-3160000;4:1800001-2960000;4:1800001-3120000;4:1840001-3080000;4:1840001-3120000;4:1880001-3040000;4:1880001-3080000;4:1880001-4240000;4:1920001-3080000;4:2920001-10560000;4:2920001-4280000;4:2920001-8560000;4:2920001-9320000;4:3000001-10120000;4:3000001-10560000	ENCFF032FMN:ENCFF066NYU:ENCFF075QYD:ENCFF136AUY:ENCFF248DGB:ENCFF274VJU:ENCFF306YQN:ENCFF310FEU:ENCFF336WPU:ENCFF373MCF:ENCFF437EBV:ENCFF444XGA:ENCFF451MCF:ENCFF471EYL:ENCFF477VVJ:ENCFF531PAV:ENCFF558RGV:ENCFF569KNS:ENCFF588KUZ:ENCFF633ORE:ENCFF654GDV	0.445	0.425			4:9370856-9371011	MER5B				4:9357711-9469143;4:9357888-9408758;4:9357888-9408758;4:9362633-9457876			4:9199300-9371400	High Signal Region										1.29231994213647	1.20702378077388	1.11611247300207	3.25348988684008	5.41905620095129	102680;104250;605032;602618;610285;604831;607261;134934;142992;602537;182138;613004;252800;104225;142983;610647;180072;616918;612041;602104;610130;614632;606201;194648			yes	yes				0.9003				2.2	1A;2A (cf P_loss_source);3C (152 genes);5H (RE:FGFR3/FGFR3/FGFRL1/IDUA/ZNF141)	5
4_71552_9371067_DEL_1	4	71552	9371067	-9299515	DEL	4p- syndrom	Pathogenic	split	ABCA11P		NR_002451	419223	467998	48775	0	0	no	3	txStart-txEnd	UTR			419223	467998																																																														0.0000						full=5
4_71552_9371067_DEL_1	4	71552	9371067	-9299515	DEL	4p- syndrom	Pathogenic	split	ABLIM2		NM_001130083	7967053	8160540	193487	1938	100	no	21	txStart-txEnd	5'UTR-3'UTR			7967053	8160540																						IMH	4:2823209-17706072;4:4005752-9642302;4:4006352-9641444;4:4041722-9068132;4:4151585-8958950																				63.64						0.337838438332487	-0.499016330621921	-0.246989921895573	-1.59029981969928	-1.42113131036961						2	4.5858e-03	7.6242e-01	0.0000						full=5
4_71552_9371067_DEL_1	4	71552	9371067	-9299515	DEL	4p- syndrom	Pathogenic	split	ACOX3		NM_003501	8368008	8442450	74442	2103	100	no	18	txStart-txEnd	5'UTR-3'UTR			8368008	8442450																						IMH	4:2823209-17706072;4:4005752-9642302;4:4006352-9641444;4:4041722-9068132;4:4151585-8958950																				82.99						-2.37227679543374	-0.95101441383295	-1.44715983267575	-0.00424238497735845	-0.527819209746206						5	7.6016e-16	3.0316e-12	0.0000						full=5
4_71552_9371067_DEL_1	4	71552	9371067	-9299515	DEL	4p- syndrom	Pathogenic	split	ADD1		NM_001354761	2845570	2931789	86219	2400	100	no	16	txStart-txEnd	5'UTR-3'UTR			2845570	2931789																						IMH	4:2823209-17706072																				46.84						0.415100440885564	-0.0353582367682211	0.160620922610348	1.55687904782076	0.599493733703596	102680	(Hypertension, essential, salt-sensitive), 145500 (3)	Multifactorial		yes	1	9.8830e-01	6.1130e-01	0.0000						full=5
4_71552_9371067_DEL_1	4	71552	9371067	-9299515	DEL	4p- syndrom	Pathogenic	split	ADRA2C		NM_000683	3768111	3770253	2142	1389	72	no	1	txStart-txEnd	5'UTR-3'UTR			3768111	3770253																						IMH	4:2823209-17706072																				68.35									3.21047317301589	5.41905620095129	104250	(Congestive heart failure and beta-blocker response, modifier of) (3)			yes	3	5.0159e-01	6.4595e-01	0.0000						full=5
4_71552_9371067_DEL_1	4	71552	9371067	-9299515	DEL	4p- syndrom	Pathogenic	split	AFAP1		NM_001134647	7760439	7941653	181214	2445	100	no	18	txStart-txEnd	5'UTR-3'UTR			7760439	7941653																						IMH	4:2823209-17706072;4:4005752-9642302;4:4006352-9641444;4:4041722-9068132;4:4151585-8958950																				70.06						-2.62354415217069	-0.232673834093773	-1.98456571684452	-1.13990389227529	-0.987321027475765						3	2.3828e-07	3.7607e-01	0.0000						full=5
4_71552_9371067_DEL_1	4	71552	9371067	-9299515	DEL	4p- syndrom	Pathogenic	split	AFAP1-AS1		NR_026892	7755816	7780654	24838	0	0	no	2	txStart-txEnd	UTR			7755816	7780654																						IMH	4:2823209-17706072;4:4005752-9642302;4:4006352-9641444;4:4041722-9068132;4:4151585-8958950																																							0.0000						full=5
4_71552_9371067_DEL_1	4	71552	9371067	-9299515	DEL	4p- syndrom	Pathogenic	split	ATP5ME		NM_007100	666224	668065	1841	210	100	no	4	txStart-txEnd	5'UTR-3'UTR			666224	668065																																																														0.0000						full=5
4_71552_9371067_DEL_1	4	71552	9371067	-9299515	DEL	4p- syndrom	Pathogenic	split	BLOC1S4		NM_018366	6717900	6719389	1489	654	45	no	1	txStart-txEnd	5'UTR-3'UTR			6717900	6719389																						IMH	4:2823209-17706072;4:4005752-9642302;4:4006352-9641444;4:4041722-9068132;4:4151585-8958950																				72.47									2.75338717063303	1.98938453238048						9	1.0151e-01	1.5897e-01	0.0000						full=5
4_71552_9371067_DEL_1	4	71552	9371067	-9299515	DEL	4p- syndrom	Pathogenic	split	C4orf48		NM_001168243	2043719	2045697	1978	387	100	no	4	txStart-txEnd	5'UTR-3'UTR			2043719	2045697																																											80.21																7	5.1423e-01		0.0000						full=5
4_71552_9371067_DEL_1	4	71552	9371067	-9299515	DEL	4p- syndrom	Pathogenic	split	C4orf50		NM_001364689	5958838	6020273	61435	4527	100	no	12	txStart-txEnd	5'UTR-3'UTR			5958838	6020273																						IMH	4:2823209-17706072;4:4005752-9642302;4:4006352-9641444;4:4041722-9068132;4:4151585-8958950																				98.01						0.369490376960693	0.371330581311454	0.517389412359409	-2.62911053265251	-1.8079483903393						7	7.7361e-19	6.3423e-10	0.0000						full=5
4_71552_9371067_DEL_1	4	71552	9371067	-9299515	DEL	4p- syndrom	Pathogenic	split	CCDC96		NM_153376	7042575	7044728	2153	1668	96	no	1	txStart-txEnd	5'UTR-3'UTR			7042575	7044728																						IMH	4:2823209-17706072;4:4005752-9642302;4:4006352-9641444;4:4041722-9068132;4:4151585-8958950																				88.85						0.393108310742818	-0.13797094617163	0.0809738518294932	3.25348988684008	1.81654247561098						8	1.9555e-17	2.7054e-06	0.0000						full=5
4_71552_9371067_DEL_1	4	71552	9371067	-9299515	DEL	4p- syndrom	Pathogenic	split	CFAP99		NM_001193282	2420681	2464690	44009	1941	100	no	16	txStart-txEnd	5'UTR-3'UTR			2420681	2464690																																																														0.0000						full=5
4_71552_9371067_DEL_1	4	71552	9371067	-9299515	DEL	4p- syndrom	Pathogenic	split	CPLX1		NM_006651	778744	819917	41173	405	100	no	4	txStart-txEnd	5'UTR-3'UTR			778744	819917						Epileptic encephalopathy, early infantile, 63, 617976 (3)		morbid:CPLX1	4:778744-819917																																		57.56						0.307891021887021	-0.276081088005473	-0.0592308346427654	-0.123982055433658	0.739036799993362	605032	Epileptic encephalopathy, early infantile, 63, 617976 (3)	AR	yes		2	8.2499e-01	7.9579e-01	0.3663	Brachydactyly;Broad thumb;Epileptic encephalopathy, early infantile, 63;Overlapping toe					full=5
4_71552_9371067_DEL_1	4	71552	9371067	-9299515	DEL	4p- syndrom	Pathogenic	split	CPZ		NM_001014447	8594491	8621479	26988	1959	100	no	11	txStart-txEnd	5'UTR-3'UTR			8594491	8621479																						IMH	4:2823209-17706072;4:4005752-9642302;4:4006352-9641444;4:4041722-9068132;4:4151585-8958950																				75.68						-2.62354415217069	-1.41032367542656	-1.95519140378666	-2.6391793475309	-5.33339017829433						9	8.8063e-36	4.5080e-21	0.0000						full=5
4_71552_9371067_DEL_1	4	71552	9371067	-9299515	DEL	4p- syndrom	Pathogenic	split	CRMP1		NM_001014809	5822490	5894813	72323	2061	100	no	14	txStart-txEnd	5'UTR-3'UTR			5822490	5894813																						IMH	4:2823209-17706072;4:4005752-9642302;4:4006352-9641444;4:4041722-9068132;4:4151585-8958950																				43.19						-2.45831687825306	-0.486186941840208	-1.27538361497834	0.0326224850029478	2.34696639804313						1	9.9173e-01	9.5327e-01	0.0000						full=5
4_71552_9371067_DEL_1	4	71552	9371067	-9299515	DEL	4p- syndrom	Pathogenic	split	CTBP1		NM_001377186	1205232	1242918	37686	1326	100	no	9	txStart-txEnd	5'UTR-3'UTR			1205232	1242918														1	HYPOTONIA,_ATAXIA,_DEVELOPMENTAL_DELAY,_AND_TOOTH_ENAMEL_DEFECT_SYNDROME;Inborn_genetic_diseases																												30.46	probable	monoallelic	loss of function	CTBP1-related developmental disorder (monoallelic)		0.372261467334061	-0.687680790971782	-0.398820302991302	-0.219318263143712	4.00265992091985	602618	Hypotonia, ataxia, developmental delay, and tooth enamel defect syndrome, 617915 (3)	AD	yes		1	9.8442e-01	9.7976e-01	0.3152	Craniosynostosis;Frontal bossing;Hypotonia, ataxia, developmental delay, and tooth enamel defect syndrome					full=5
4_71552_9371067_DEL_1	4	71552	9371067	-9299515	DEL	4p- syndrom	Pathogenic	split	CTBP1-AS		NR_104331	1203907	1212379	8472	0	0	no	6	txStart-txEnd	UTR			1203907	1212379														1	HYPOTONIA,_ATAXIA,_DEVELOPMENTAL_DELAY,_AND_TOOTH_ENAMEL_DEFECT_SYNDROME;Inborn_genetic_diseases																																															0.0000						full=5
4_71552_9371067_DEL_1	4	71552	9371067	-9299515	DEL	4p- syndrom	Pathogenic	split	CTBP1-DT		NR_033339	1243227	1246795	3568	0	0	no	2	txStart-txEnd	UTR			1243227	1246795																																																														0.0000						full=5
4_71552_9371067_DEL_1	4	71552	9371067	-9299515	DEL	4p- syndrom	Pathogenic	split	CYTL1		NM_018659	5016313	5021185	4872	411	100	no	4	txStart-txEnd	5'UTR-3'UTR			5016313	5021185																						IMH	4:2823209-17706072;4:4005752-9642302;4:4006352-9641444;4:4041722-9068132;4:4151585-8958950																				76.44						-0.6295570831736	0.0670299843738293	-0.200045256499347	0.45277691276168	0.0974901129923348						9	1.0733e-05	6.5277e-04	0.2906		Craniosynostosis;increased susceptibility to induced arthritis				full=5
4_71552_9371067_DEL_1	4	71552	9371067	-9299515	DEL	4p- syndrom	Pathogenic	split	DGKQ		NM_001347	952674	967357	14683	2829	100	no	23	txStart-txEnd	5'UTR-3'UTR			952674	967357																																											68.02						0.720690705407562	-0.962987167732907	-0.540807434627598	-0.885541042446365	0.113301977907898						3	1.7603e-09	1.1940e-03	0.0000						full=5
4_71552_9371067_DEL_1	4	71552	9371067	-9299515	DEL	4p- syndrom	Pathogenic	split	DOK7		NM_001301071	3465032	3503209	38177	1827	100	no	10	txStart-txEnd	5'UTR-3'UTR			3465032	3503209						Fetal akinesia deformation sequence 3, 618389 (3);Myasthenic syndrome, congenital, 10, 254300 (3)		dbVar:nssv15130945;dbVar:nssv15131476;dbVar:nssv15770186;dbVar:nssv16213451;dbVar:nssv16214333;morbid:DOK7	4:3465093-3495238;4:3475113-3491543;4:3486270-3496209;4:3487246-3495248;4:3487256-3487395;4:3487256-3495238					24	Congenital_myasthenic_syndrome;FETAL_AKINESIA_DEFORMATION_SEQUENCE_3;Inborn_genetic_diseases;Myasthenia,_limb-girdle,_familial;Pena-Shokeir_syndrome_type_I							IMH	4:2823209-17706072																				75.35									-2.68253992069213	-3.72411383897722	610285	Fetal akinesia deformation sequence 3, 618389 (3);Myasthenic syndrome, congenital, 10, 254300 (3)	AR	yes		5	1.0263e-04	4.8084e-03	0.4003	Brachydactyly;Broad thumb;Camptodactyly of finger;Fetal akinesia deformation sequence	Craniosynostosis;increased bone mineral density				full=5
4_71552_9371067_DEL_1	4	71552	9371067	-9299515	DEL	4p- syndrom	Pathogenic	split	EVC		NM_153717	5712927	5816032	103105	2979	100	no	21	txStart-txEnd	5'UTR-3'UTR			5712927	5816032						?Weyers acrofacial dysostosis, 193530 (3);Ellis-van Creveld syndrome, 225500 (3)		dbVar:nssv15144315;dbVar:nssv16211870;dbVar:nssv16216598;morbid:EVC	4:5712927-5816032;4:5713253-5713316;4:5731024-5759862;4:5798729-5798979					39	Curry-Hall_syndrome;Ellis-van_Creveld_syndrome;Short_rib-polydactyly_syndrome,_Majewski_type							IMH	4:2823209-17706072;4:4005752-9642302;4:4006352-9641444;4:4041722-9068132;4:4151585-8958950																				72.76	confirmed	biallelic	loss of function	ACROFACIAL DYSOSTOSIS WEYERS TYPE	12468274;21815252;14217223;7628126;10700184;7218275;12571802	-2.57221447207538	-0.38737545040403	-1.26125942639438	-0.471176482163648	-1.41925515956187	604831	?Weyers acrofacial dysostosis, 193530 (3);Ellis-van Creveld syndrome, 225500 (3)	AD;AR	yes	yes	5	3.4620e-25	8.0150e-08	0.6732	?Weyers acrofacial dysostosis;Brachydactyly;Broad thumb;Postaxial hand polydactyly	Brachydactyly;Broad thumb;Craniosynostosis;abnormal tibia morphology;delayed bone ossification;short humerus				full=5
4_71552_9371067_DEL_1	4	71552	9371067	-9299515	DEL	4p- syndrom	Pathogenic	split	EVC2		NM_147127	5564165	5710286	146121	3927	100	no	22	txStart-txEnd	5'UTR-3'UTR			5564165	5710286						Ellis-van Creveld syndrome, 225500 (3);Weyers acrofacial dysostosis, 193530 (3)		dbVar:nssv15770321;dbVar:nssv16213046;dbVar:nssv16213271;morbid:EVC2	4:5564165-5710286;4:5564575-5567096;4:5570161-5570377;4:5690874-5691080					54	Curry-Hall_syndrome;Ellis-van_Creveld_syndrome;Inborn_genetic_diseases;Jeune_thoracic_dystrophy;Short_rib-polydactyly_syndrome,_Majewski_type;Type_IV_short_rib_polydactyly_syndrome;not_specified							IMH	4:2823209-17706072;4:4005752-9642302;4:4006352-9641444;4:4041722-9068132;4:4151585-8958950																		30	0	74.81	confirmed	biallelic	loss of function	ACROFACIAL DYSOSTOSIS WEYERS TYPE	16404586	-0.675336787286134	-0.144705826949755	-0.333473000003108	-1.44193705805358	-2.99791740003004	607261	Ellis-van Creveld syndrome, 225500 (3);Weyers acrofacial dysostosis, 193530 (3)	AD;AR	yes		5	1.0207e-34	1.0533e-21	0.6732	Brachydactyly;Broad thumb;Postaxial hand polydactyly;Weyers acrofacial dysostosis	Brachydactyly;Broad thumb;Craniosynostosis;decreased bone mineral content;short humerus				full=5
4_71552_9371067_DEL_1	4	71552	9371067	-9299515	DEL	4p- syndrom	Pathogenic	split	FAM193A		NM_001366318	2538373	2734300	195927	4548	100	no	21	txStart-txEnd	5'UTR-3'UTR			2538373	2734300																																											63.75						0.047435784931723	0.578303279433319	0.446297134803958	-0.738211104213101	1.24551033534962						0	9.9993e-01	9.9782e-01	0.0000						full=5
4_71552_9371067_DEL_1	4	71552	9371067	-9299515	DEL	4p- syndrom	Pathogenic	split	FAM53A		NM_001174070	1641607	1686040	44433	1197	100	no	5	txStart-txEnd	5'UTR-3'UTR			1641607	1686040																																											86.49									-0.576730190868019	-0.56780381579822						6	3.5705e-03	3.0070e-05	0.0000						full=5
4_71552_9371067_DEL_1	4	71552	9371067	-9299515	DEL	4p- syndrom	Pathogenic	split	FAM86EP		NR_130740	3943486	3957155	13669	0	0	no	4	txStart-txEnd	UTR			3943486	3957155																						IMH	4:2823209-17706072																																							0.0000						full=5
4_71552_9371067_DEL_1	4	71552	9371067	-9299515	DEL	4p- syndrom	Pathogenic	split	FAM90A26		NM_001358418	9174898	9177893	2995	1395	100	no	4	txStart-txEnd	5'UTR-3'UTR			9174898	9177893																DDD:12912;IMH;gnomAD-SV_v2.1_DUP_4_11165;gnomAD-SV_v2.1_DUP_4_11169;gnomAD-SV_v2.1_DUP_4_11170;gnomAD-SV_v2.1_DUP_4_11174;gnomAD-SV_v2.1_DUP_4_11182	4:8951721-9487283;4:8952198-9486394;4:8958203-9492295;4:8959917-9493802;4:9009829-9541289;4:9043825-9467101;4:9098999-9212000	1000g;DDD:12912;DDD:12915;dgv923e199;esv3599566	4:9043825-9467101;4:9157568-9214307;4:9157568-9214307;4:9158154-9232046;4:9160214-9232041			IMH	4:2823209-17706072;4:4005752-9642302;4:4006352-9641444																				98.14																9	2.8656e-01		0.0000						full=5
4_71552_9371067_DEL_1	4	71552	9371067	-9299515	DEL	4p- syndrom	Pathogenic	split	FGFR3		NM_001163213	1795038	1810599	15561	2427	100	no	18	txStart-txEnd	5'UTR-3'UTR			1795038	1810599						Achondroplasia, 100800 (3);Bladder cancer, somatic, 109800 (3);CATSHL syndrome, 610474 (3);Cervical cancer, somatic, 603956 (3);Colorectal cancer, somatic, 114500 (3);Crouzon syndrome with acanthosis nigricans, 612247 (3);Hypochondroplasia, 146000 (3);LADD syndrome, 149730 (3);Muenke syndrome, 602849 (3);Nevus, epidermal, somatic, 162900 (3);SADDAN, 616482 (3);Spermatocytic seminoma, somatic, 273300 (3);Thanatophoric dysplasia, type I, 187600 (3);Thanatophoric dysplasia, type II, 187601 (3)		morbid:FGFR3	4:1795038-1810599					23	Absence_seizures;Achondroplasia;Bell-shaped_thorax;Bladder_carcinoma;Bowed_humerus;Camptodactyly-tall_stature-scoliosis-hearing_loss_syndrome;Carcinoma;Carcinoma_of_cervix;Carcinoma_of_colon;Coronal_craniosynostosis;Craniosynostosis_syndrome;Crouzon_syndrome;Crouzon_syndrome_with_acanthosis_nigricans;Disproportionate_short-limb_short_stature;Epidermal_nevus;FGFR3-related_disorder;Facial_asymmetry;Femoral_bowing;Growth_delay;Hypochondroplasia;Inborn_genetic_diseases;Infantile_axial_hypotonia;Lethal_short-limbed_short_stature;Levy-Hollister_syndrome;Lower_limb_undergrowth;Lung_adenocarcinoma;Malignant_tumor_of_testis;Muenke_syndrome;Multiple_myeloma;Narrow_chest;Papillary_renal_cell_carcinoma,_sporadic;Saethre-Chotzen_syndrome;Seborrheic_keratosis;Seizures;Severe_achondroplasia_with_developmental_delay_and_acanthosis_nigricans;Short_ribs;Short_stature;Skeletal_dysplasia;Skeletal_dysplasia_with_acanthosis_nigricans;Small_for_gestational_age;Spermatocytic_seminoma;Squamous_cell_carcinoma_of_the_head_and_neck;Squamous_cell_lung_carcinoma;Thanatophoric_dysplasia,_type_2;Thanatophoric_dysplasia_type_1;Transitional_cell_carcinoma_of_the_bladder;Unilateral_renal_agenesis;Upper_limb_undergrowth;Urinary_bladder_cancer;not_specified																										0	0	6.4	confirmed	monoallelic	activating;all missense/in frame	ACHONDROPLASIA;CAMPTODACTYLY TALL STATURE AND HEARING LOSS SYNDROME;CROUZON SYNDROME WITH ACANTHOSIS NIGRICANS;HYPOCHONDROPLASIA;LACRIMO-AURICULO-DENTO-DIGITAL SYNDROME;MUENKE SYNDROME;THANATOPHORIC DYSPLASIA TYPE 1;THANATOPHORIC DYSPLASIA TYPE 2	11055896;7670477;16912704;10215410;9452043;8589686;16411219;8078586;7758520;16912704;7913883;16501574;28483234;19449430;7647778;7773297;8845844;27139183;17033969;7493034;7773297	-0.683349552436101	-0.392116289350703	-0.538573860699497	-2.22163439002498	1.36559781959522	134934	Achondroplasia, 100800 (3);Bladder cancer, somatic, 109800 (3);CATSHL syndrome, 610474 (3);Cervical cancer, somatic, 603956 (3);Colorectal cancer, somatic, 114500 (3);Crouzon syndrome with acanthosis nigricans, 612247 (3);Hypochondroplasia, 146000 (3);LADD syndrome, 149730 (3);Muenke syndrome, 602849 (3);Nevus, epidermal, somatic, 162900 (3);SADDAN, 616482 (3);Spermatocytic seminoma, somatic, 273300 (3);Thanatophoric dysplasia, type I, 187600 (3);Thanatophoric dysplasia, type II, 187601 (3)	AD;AR, AD	yes		3	1.6432e-05	2.9091e-03	0.9003	Brachydactyly;Broad thumb;Craniosynostosis;Saethre-Chotzen syndrome	Brachydactyly;Broad thumb;Craniosynostosis;abnormal long bone metaphysis morphology;increased diameter of femur;premature craniofacial suture closure				full=5
4_71552_9371067_DEL_1	4	71552	9371067	-9299515	DEL	4p- syndrom	Pathogenic	split	FGFRL1		NM_001004356	1005413	1020686	15273	1515	100	no	7	txStart-txEnd	5'UTR-3'UTR			1005413	1020686																																									0	0	61.34						0.15762668797229	-0.095835364724166	0.0269779205648351	-1.06125182633592	-0.304110728864919						3	1.1908e-02	5.8219e-01	0.8347		Brachydactyly;Broad thumb;Craniosynostosis;abnormal pelvic girdle bone morphology;delayed cranial suture closure;pectus excavatum	Craniosynostosis;abnormal(ly) shape palatoquadrate cartilage			full=5
4_71552_9371067_DEL_1	4	71552	9371067	-9299515	DEL	4p- syndrom	Pathogenic	split	GAK		NM_005255	843064	926104	83040	3936	100	no	28	txStart-txEnd	5'UTR-3'UTR			843064	926104																																											66.55						1.00920516918233	-1.32268830826731	-0.753758448502777	-1.09712093422474	-0.06853474623291						1	5.1818e-03	9.7313e-01	0.0000						full=5
4_71552_9371067_DEL_1	4	71552	9371067	-9299515	DEL	4p- syndrom	Pathogenic	split	GPR78		NM_080819	8582118	8591750	9632	1092	100	no	3	txStart-txEnd	5'UTR-3'UTR			8582118	8591750																						IMH	4:2823209-17706072;4:4005752-9642302;4:4006352-9641444;4:4041722-9068132;4:4151585-8958950																				91.64						-2.62354415217069	-1.33186842996177	-1.94147419136763	-0.663631774481401	-1.44235869751468						9	2.6834e-06	1.2826e-05	0.0000						full=5
4_71552_9371067_DEL_1	4	71552	9371067	-9299515	DEL	4p- syndrom	Pathogenic	split	GRK4		NM_182982	2965297	3042487	77190	1737	100	no	16	txStart-txEnd	5'UTR-3'UTR			2965297	3042487																						IMH	4:2823209-17706072																				77.79						-1.99297870008351	-1.29609278714656	-1.46605851541056	-0.226834639209249	-0.865456519909477						6	1.6286e-15	5.6904e-07	0.0000						full=5
4_71552_9371067_DEL_1	4	71552	9371067	-9299515	DEL	4p- syndrom	Pathogenic	split	GRPEL1		NM_025196	7060621	7069791	9170	654	100	no	4	txStart-txEnd	5'UTR-3'UTR			7060621	7069791																						IMH	4:2823209-17706072;4:4005752-9642302;4:4006352-9641444;4:4041722-9068132;4:4151585-8958950																				50.3						0.649976625334672	-1.27240513662323	-0.777477966060391	0.934834224809331	0.303907421223287						4	1.3916e-01	8.9627e-01	0.0000						full=5
4_71552_9371067_DEL_1	4	71552	9371067	-9299515	DEL	4p- syndrom	Pathogenic	split	HAUS3		NM_001303143	2230093	2243848	13755	1812	100	no	6	txStart-txEnd	5'UTR-3'UTR			2230093	2243848																																											46.58						0.701548607121356	-0.365908352795815	0.0332648069020548	-0.527208917402428	-2.11601983727089						6	1.2992e-09	8.8992e-07	0.0000						full=5
4_71552_9371067_DEL_1	4	71552	9371067	-9299515	DEL	4p- syndrom	Pathogenic	split	HGFAC		NM_001297439	3443694	3451213	7519	1989	100	no	15	txStart-txEnd	5'UTR-3'UTR			3443694	3451213																						IMH	4:2823209-17706072																				76.94						-2.62354415217069	0.291115018050139	-2.47162789907313	-2.1421417021426	-1.44878648893363						4	1.9843e-08	5.2082e-07	0.0000						full=5
4_71552_9371067_DEL_1	4	71552	9371067	-9299515	DEL	4p- syndrom	Pathogenic	split	HMX1		NM_018942	8868773	8873565	4792	1047	100	no	2	txStart-txEnd	5'UTR-3'UTR			8868773	8873565						Oculoauricular syndrome, 612109 (3)		morbid:HMX1	4:8868773-8873565													IMH	4:2823209-17706072;4:4005752-9642302;4:4006352-9641444;4:4041722-9068132;4:4151585-8958950																				66.38	probable	biallelic	loss of function	OCULOAURICULAR SYNDROME	18423520				1.46868520416757	1.8176765127262	142992	Oculoauricular syndrome, 612109 (3)	AR	yes		3	7.2623e-01	1.2528e-01	0.4632		Craniosynostosis;abnormal retrotympanic process morphology				full=5
4_71552_9371067_DEL_1	4	71552	9371067	-9299515	DEL	4p- syndrom	Pathogenic	split	HTRA3		NM_053044	8271480	8308825	37345	1362	100	no	9	txStart-txEnd	5'UTR-3'UTR			8271480	8308825						Vitreoretinopathy, neovascular inflammatory, 193235 (3)		morbid:HTRA3	4:8271480-8308825													IMH	4:2823209-17706072;4:4005752-9642302;4:4006352-9641444;4:4041722-9068132;4:4151585-8958950																				70.02						-0.536935947037787	-0.623131034083341	-0.644700690991608	0.667359866413857	1.21754776737995	602537	Vitreoretinopathy, neovascular inflammatory, 193235 (3)	AD	yes		6	6.5843e-08	1.7199e-05	0.0000						full=5
4_71552_9371067_DEL_1	4	71552	9371067	-9299515	DEL	4p- syndrom	Pathogenic	split	HTT		NM_002111	3076407	3245687	169280	9429	100	no	67	txStart-txEnd	5'UTR-3'UTR			3076407	3245687						Huntington disease, 143100 (3);Lopes-Maciel-Rodan syndrome, 617435 (3);Anxiety-related personality traits, 607834 (3);Obsessive-compulsive disorder, 164230 (3)		morbid:HTT	4:3076407-3245687													IMH	4:2823209-17706072																				7.59						-0.672019089975884	1.20702378077388	0.455761090475751	-0.292338464564844	2.75557960790302	182138;613004	Huntington disease, 143100 (3);Lopes-Maciel-Rodan syndrome, 617435 (3);(Anxiety-related personality traits), 607834 (3);(Obsessive-compulsive disorder), 164230 (3)	AD;AR;	yes	yes	0	1.0000e+00	1.0000e+00	0.0000						full=5
4_71552_9371067_DEL_1	4	71552	9371067	-9299515	DEL	4p- syndrom	Pathogenic	split	HTT-AS		NR_045414	3064972	3076241	11269	0	0	no	3	txStart-txEnd	UTR			3064972	3076241																						IMH	4:2823209-17706072																																							0.0000						full=5
4_71552_9371067_DEL_1	4	71552	9371067	-9299515	DEL	4p- syndrom	Pathogenic	split	IDUA		NM_000203	980831	998352	17521	1962	100	no	14	txStart-txEnd	5'UTR-3'UTR			980831	998352						Mucopolysaccharidosis Ih, 607014 (3);Mucopolysaccharidosis Ih;s, 607015 (3);Mucopolysaccharidosis Is, 607016 (3);Mucopolysaccharidosis_type_1		CLN:961843;dbVar:nssv16216714;morbid:IDUA	4:993497-998345;4:996509-998192;4:996510-998191					81	Hurler_syndrome;Inborn_genetic_diseases;Mucopolysaccharidosis,_MPS-I-H/S;Mucopolysaccharidosis,_MPS-I-S;Mucopolysaccharidosis_type_1																												69.73	confirmed	biallelic	loss of function	MUCOPOLYSACCHARIDOSIS TYPE 1S	7951228;10735634;8664897;4221470;10466419;7550232;6821579;9391892;8328452	-1.6058292542185	-1.19882139820352	-1.40825779214199	-0.0473365386141676	0.337473103766752	252800	Mucopolysaccharidosis Ih, 607014 (3);Mucopolysaccharidosis Ih/s, 607015 (3);Mucopolysaccharidosis Is, 607016 (3)	AR	yes		6	3.7599e-13	2.6418e-08	0.7305	Brachydactyly;Broad thumb;Camptodactyly of finger;Craniosynostosis;Dolichocephaly;Hurler syndrome	Brachydactyly;Broad thumb;Craniosynostosis;abnormal digit morphology;increased cranium width				full=5
4_71552_9371067_DEL_1	4	71552	9371067	-9299515	DEL	4p- syndrom	Pathogenic	split	JAKMIP1		NM_001099433	6027925	6202276	174351	2496	100	no	21	txStart-txEnd	5'UTR-3'UTR			6027925	6202276														1	Smith-Magenis_Syndrome-like							IMH	4:2823209-17706072;4:4005752-9642302;4:4006352-9641444;4:4041722-9068132;4:4151585-8958950																				52.99						0.975078008148592	0.865866943304307	1.11611247300207	0.172471674763915	3.32151835531883						0	9.9986e-01	9.9317e-01	0.0000						full=5
4_71552_9371067_DEL_1	4	71552	9371067	-9299515	DEL	4p- syndrom	Pathogenic	split	KIAA0232		NM_001100590	6784458	6885899	101441	4188	100	no	9	txStart-txEnd	5'UTR-3'UTR			6784458	6885899																						IMH	4:2823209-17706072;4:4005752-9642302;4:4006352-9641444;4:4041722-9068132;4:4151585-8958950																				62.19						0.495223937339359	-0.201270287076057	0.0915777485634488	-1.04317795810088	0.185259378880778						0	9.9999e-01	9.9472e-01	0.0000						full=5
4_71552_9371067_DEL_1	4	71552	9371067	-9299515	DEL	4p- syndrom	Pathogenic	split	LETM1		NM_012318	1813205	1857883	44678	2220	100	no	14	txStart-txEnd	5'UTR-3'UTR			1813205	1857883																																									0	0	63.78						0.214548231055587	-0.175454101774909	-0.0279109913872425	-1.46983950545222	1.90036967420169						3	1.2141e-06	8.1055e-02	0.6060	Brachydactyly;Broad thumb;Calvarial skull defect;Craniosynostosis;Preaxial hand polydactyly;Short thumb;Wolf-Hirschhorn syndrome					full=5
4_71552_9371067_DEL_1	4	71552	9371067	-9299515	DEL	4p- syndrom	Pathogenic	split	LINC00955		NR_040045	3578595	3592712	14117	0	0	no	3	txStart-txEnd	UTR			3578595	3592712																						IMH	4:2823209-17706072																				93.6																8	4.5772e-01		0.0000						full=5
4_71552_9371067_DEL_1	4	71552	9371067	-9299515	DEL	4p- syndrom	Pathogenic	split	LINC01396		NR_125765	4846163	4852554	6391	0	0	no	4	txStart-txEnd	UTR			4846163	4852554																						IMH	4:2823209-17706072;4:4005752-9642302;4:4006352-9641444;4:4041722-9068132;4:4151585-8958950																																							0.0000						full=5
4_71552_9371067_DEL_1	4	71552	9371067	-9299515	DEL	4p- syndrom	Pathogenic	split	LINC01587		NR_126519	5526295	5529527	3232	0	0	no	4	txStart-txEnd	UTR			5526295	5529527																						IMH	4:2823209-17706072;4:4005752-9642302;4:4006352-9641444;4:4041722-9068132;4:4151585-8958950																				96.4																			0.0000						full=5
4_71552_9371067_DEL_1	4	71552	9371067	-9299515	DEL	4p- syndrom	Pathogenic	split	LINC02171		NR_034136	3675319	3679582	4263	0	0	no	3	txStart-txEnd	UTR			3675319	3679582																						IMH	4:2823209-17706072																																							0.0000						full=5
4_71552_9371067_DEL_1	4	71552	9371067	-9299515	DEL	4p- syndrom	Pathogenic	split	LINC02447		NR_027441	7099150	7105103	5953	0	0	no	2	txStart-txEnd	UTR			7099150	7105103																						IMH	4:2823209-17706072;4:4005752-9642302;4:4006352-9641444;4:4041722-9068132;4:4151585-8958950																																							0.0000						full=5
4_71552_9371067_DEL_1	4	71552	9371067	-9299515	DEL	4p- syndrom	Pathogenic	split	LINC02481		NR_147207	6689174	6692246	3072	0	0	no	3	txStart-txEnd	UTR			6689174	6692246																						IMH	4:2823209-17706072;4:4005752-9642302;4:4006352-9641444;4:4041722-9068132;4:4151585-8958950																																							0.0000						full=5
4_71552_9371067_DEL_1	4	71552	9371067	-9299515	DEL	4p- syndrom	Pathogenic	split	LINC02482		NR_134664	6672454	6675608	3154	0	0	no	2	txStart-txEnd	UTR			6672454	6675608																						IMH	4:2823209-17706072;4:4005752-9642302;4:4006352-9641444;4:4041722-9068132;4:4151585-8958950																																							0.0000						full=5
4_71552_9371067_DEL_1	4	71552	9371067	-9299515	DEL	4p- syndrom	Pathogenic	split	LINC02495		NR_037863	6202459	6235663	33204	0	0	no	4	txStart-txEnd	UTR			6202459	6235663																						IMH	4:2823209-17706072;4:4005752-9642302;4:4006352-9641444;4:4041722-9068132;4:4151585-8958950																																							0.0000						full=5
4_71552_9371067_DEL_1	4	71552	9371067	-9299515	DEL	4p- syndrom	Pathogenic	split	LINC02517		NR_149125	8321902	8325692	3790	0	0	no	4	txStart-txEnd	UTR			8321902	8325692																						IMH	4:2823209-17706072;4:4005752-9642302;4:4006352-9641444;4:4041722-9068132;4:4151585-8958950																																							0.0000						full=5
4_71552_9371067_DEL_1	4	71552	9371067	-9299515	DEL	4p- syndrom	Pathogenic	split	LOC100129917		NR_036511	773936	775636	1700	0	0	no	1	txStart-txEnd	UTR			773936	775636																																																														-1.0						full=5
4_71552_9371067_DEL_1	4	71552	9371067	-9299515	DEL	4p- syndrom	Pathogenic	split	LOC100129931		NR_033828	7032280	7047958	15678	0	0	no	4	txStart-txEnd	UTR			7032280	7047958																						IMH	4:2823209-17706072;4:4005752-9642302;4:4006352-9641444;4:4041722-9068132;4:4151585-8958950																																							-1.0						full=5
4_71552_9371067_DEL_1	4	71552	9371067	-9299515	DEL	4p- syndrom	Pathogenic	split	LOC100130872		NR_024569	1189570	1202750	13180	0	0	no	4	txStart-txEnd	UTR			1189570	1202750																																																														-1.0						full=5
4_71552_9371067_DEL_1	4	71552	9371067	-9299515	DEL	4p- syndrom	Pathogenic	split	LOC101928279		NR_125892	4763486	4789101	25615	0	0	no	3	txStart-txEnd	UTR			4763486	4789101																						IMH	4:2823209-17706072;4:4005752-9642302;4:4006352-9641444;4:4041722-9068132;4:4151585-8958950																																							-1.0						full=5
4_71552_9371067_DEL_1	4	71552	9371067	-9299515	DEL	4p- syndrom	Pathogenic	split	LOC101928306		NR_125893	4922534	4990398	67864	0	0	no	3	txStart-txEnd	UTR			4922534	4990398																						IMH	4:2823209-17706072;4:4005752-9642302;4:4006352-9641444;4:4041722-9068132;4:4151585-8958950																																							-1.0						full=5
4_71552_9371067_DEL_1	4	71552	9371067	-9299515	DEL	4p- syndrom	Pathogenic	split	LOC105374338		NR_148199	570956	578655	7699	0	0	no	3	txStart-txEnd	UTR			570956	578655																																																														-1.0						full=5
4_71552_9371067_DEL_1	4	71552	9371067	-9299515	DEL	4p- syndrom	Pathogenic	split	LOC105374344		NR_134676	1107426	1126763	19337	0	0	no	3	txStart-txEnd	UTR			1107426	1126763																																																														-1.0						full=5
4_71552_9371067_DEL_1	4	71552	9371067	-9299515	DEL	4p- syndrom	Pathogenic	split	LOC389199		NM_203423	7940727	7942023	1296	816	72	no	1	txStart-txEnd	5'UTR-3'UTR			7940727	7942023																						IMH	4:2823209-17706072;4:4005752-9642302;4:4006352-9641444;4:4041722-9068132;4:4151585-8958950																																							-1.0						full=5
4_71552_9371067_DEL_1	4	71552	9371067	-9299515	DEL	4p- syndrom	Pathogenic	split	LOC93622		NR_015433	6675801	6677774	1973	0	0	no	2	txStart-txEnd	UTR			6675801	6677774																						IMH	4:2823209-17706072;4:4005752-9642302;4:4006352-9641444;4:4041722-9068132;4:4151585-8958950																																							-1.0						full=5
4_71552_9371067_DEL_1	4	71552	9371067	-9299515	DEL	4p- syndrom	Pathogenic	split	LRPAP1		NM_002337	3505338	3534149	28811	1074	100	no	8	txStart-txEnd	5'UTR-3'UTR			3505338	3534149						Myopia 23, AR, 615431 (3)		morbid:LRPAP1	4:3505338-3534149													IMH	4:2823209-17706072																				81.97	possible	biallelic	loss of function	EXTREME MYOPIA;MYOPIA 23, AUTOSOMAL RECESSIVE	23830514	-0.901439467568047	-1.0008332959639	-1.03424805406881	-0.233147203181143	-1.38131789177637	104225	Myopia 23, AR, 615431 (3)	AR	yes		6	4.4951e-07	6.0843e-03	0.0000						full=5
4_71552_9371067_DEL_1	4	71552	9371067	-9299515	DEL	4p- syndrom	Pathogenic	split	LYAR		NM_017816	4269428	4291881	22453	1140	100	no	10	txStart-txEnd	5'UTR-3'UTR			4269428	4291881																						IMH	4:2823209-17706072;4:4005752-9642302;4:4006352-9641444;4:4041722-9068132;4:4151585-8958950																				65.63						-1.04982790537607	0.837810587333259	0.0401032398207032	0.075048187998812	-0.816993645198656						5	3.7580e-07	1.3245e-04	0.0000						full=5
4_71552_9371067_DEL_1	4	71552	9371067	-9299515	DEL	4p- syndrom	Pathogenic	split	MAEA		NM_001017405	1283678	1333925	50247	1191	100	no	9	txStart-txEnd	5'UTR-3'UTR			1283678	1333925																																											7.13						0.506320833777115	-1.33825481458672	-0.894129278429717	-0.194585519191658	3.59552380294204						2	2.2741e-01	8.4486e-01	0.0000						full=5
4_71552_9371067_DEL_1	4	71552	9371067	-9299515	DEL	4p- syndrom	Pathogenic	split	MAN2B2		NM_015274	6576915	6625075	48160	3030	100	no	19	txStart-txEnd	5'UTR-3'UTR			6576915	6625075																						IMH	4:2823209-17706072;4:4005752-9642302;4:4006352-9641444;4:4041722-9068132;4:4151585-8958950																				83.66						-1.20308868163847	-0.039423685654856	-0.514512683951566	0.311204487601666	-0.733522379663636						5	6.5570e-23	4.3573e-18	0.0000						full=5
4_71552_9371067_DEL_1	4	71552	9371067	-9299515	DEL	4p- syndrom	Pathogenic	split	MFSD10		NM_001146069	2932293	2936552	4259	1368	100	no	13	txStart-txEnd	5'UTR-3'UTR			2932293	2936552																						IMH	4:2823209-17706072																				74.85						0.411355639726539	0.128499204561582	0.297239579860913	-3.22135273058939	-2.0505953640051						7	7.3331e-11	3.0178e-07	0.0000						full=5
4_71552_9371067_DEL_1	4	71552	9371067	-9299515	DEL	4p- syndrom	Pathogenic	split	MIR378D1		NR_039608	5925001	5925055	54	0	0	no	1	txStart-txEnd	UTR			5925001	5925055																						IMH	4:2823209-17706072;4:4005752-9642302;4:4006352-9641444;4:4041722-9068132;4:4151585-8958950																																							0.0000						full=5
4_71552_9371067_DEL_1	4	71552	9371067	-9299515	DEL	4p- syndrom	Pathogenic	split	MIR4274		NR_036238	7461754	7461845	91	0	0	no	1	txStart-txEnd	UTR			7461754	7461845																						IMH	4:2823209-17706072;4:4005752-9642302;4:4006352-9641444;4:4041722-9068132;4:4151585-8958950																																							0.0000						full=5
4_71552_9371067_DEL_1	4	71552	9371067	-9299515	DEL	4p- syndrom	Pathogenic	split	MIR4798		NR_039961	7312176	7312251	75	0	0	no	1	txStart-txEnd	UTR			7312176	7312251																						IMH	4:2823209-17706072;4:4005752-9642302;4:4006352-9641444;4:4041722-9068132;4:4151585-8958950																																							0.0000						full=5
4_71552_9371067_DEL_1	4	71552	9371067	-9299515	DEL	4p- syndrom	Pathogenic	split	MIR4800		NR_039964	2251803	2251883	80	0	0	no	1	txStart-txEnd	UTR			2251803	2251883																gnomAD-SV_v2.1_DUP_4_10955	4:2247999-2255000																																													0.0000						full=5
4_71552_9371067_DEL_1	4	71552	9371067	-9299515	DEL	4p- syndrom	Pathogenic	split	MIR571		NR_030297	343945	344041	96	0	0	no	1	txStart-txEnd	UTR			343945	344041																																																														0.0000						full=5
4_71552_9371067_DEL_1	4	71552	9371067	-9299515	DEL	4p- syndrom	Pathogenic	split	MIR943		NR_030641	1988110	1988204	94	0	0	no	1	txStart-txEnd	UTR			1988110	1988204																																																														0.0000						full=5
4_71552_9371067_DEL_1	4	71552	9371067	-9299515	DEL	4p- syndrom	Pathogenic	split	MIR95		NR_029511	8007027	8007108	81	0	0	no	1	txStart-txEnd	UTR			8007027	8007108																						IMH	4:2823209-17706072;4:4005752-9642302;4:4006352-9641444;4:4041722-9068132;4:4151585-8958950																																							0.0000						full=5
4_71552_9371067_DEL_1	4	71552	9371067	-9299515	DEL	4p- syndrom	Pathogenic	split	MRFAP1		NM_001272053	6641817	6644470	2653	384	96	no	3	txStart-txEnd	5'UTR-3'UTR			6641817	6644470																						IMH	4:2823209-17706072;4:4005752-9642302;4:4006352-9641444;4:4041722-9068132;4:4151585-8958950																				78.84						0.686792213866423	0.236901723651345	0.49521306481059	0.837271434822507	2.12628699887071						6	3.1404e-01	1.7706e-01	0.0000						full=5
4_71552_9371067_DEL_1	4	71552	9371067	-9299515	DEL	4p- syndrom	Pathogenic	split	MRFAP1L1		NM_203462	6709428	6711592	2164	384	61	no	2	txStart-txEnd	5'UTR-3'UTR			6709428	6711592																						IMH	4:2823209-17706072;4:4005752-9642302;4:4006352-9641444;4:4041722-9068132;4:4151585-8958950																				84.97						0.629248196007981	0.195831367621135	0.447874019110796	1.72296511806951	0.620681882628763						8	2.5481e-03	8.9080e-03	0.0000						full=5
4_71552_9371067_DEL_1	4	71552	9371067	-9299515	DEL	4p- syndrom	Pathogenic	split	MSANTD1		NM_001042690	3250885	3258340	7455	837	100	no	3	txStart-txEnd	5'UTR-3'UTR			3250885	3258340																						IMH	4:2823209-17706072																				38.82									0.0606051954062481	0.881143579184346						2	8.0456e-01	3.2217e-01	0.0000						full=5
4_71552_9371067_DEL_1	4	71552	9371067	-9299515	DEL	4p- syndrom	Pathogenic	split	MSX1		NM_002448	4861391	4865660	4269	912	100	no	2	txStart-txEnd	5'UTR-3'UTR			4861391	4865660						Ectodermal dysplasia 3, Witkop type, 189500 (3);Orofacial cleft 5, 608874 (3);Tooth agenesis, selective, 1, with or without orofacial cleft, 106600 (3)		morbid:MSX1	4:4861391-4865660					2	Hypoplastic_enamel-onycholysis-hypohidrosis_syndrome							IMH	4:2823209-17706072;4:4005752-9642302;4:4006352-9641444;4:4041722-9068132;4:4151585-8958950																				1.21	confirmed	monoallelic	loss of function	CLEFT LIP +/- CLEFT PALATE	15354328;12807959	0.15460042661567	0.172845644735031	0.256065903692486	1.56448356794936	2.50372489686823	142983	Ectodermal dysplasia 3, Witkop type, 189500 (3);Orofacial cleft 5, 608874 (3);Tooth agenesis, selective, 1, with or without orofacial cleft, 106600 (3)	AD	yes		5	1.6517e-01	2.7536e-01	0.6870	Brachydactyly;Broad thumb;Fragile nails;Hypodontia-dysplasia of nails syndrome;Ridged fingernail	Craniosynostosis;abnormal metopic suture morphology				full=5
4_71552_9371067_DEL_1	4	71552	9371067	-9299515	DEL	4p- syndrom	Pathogenic	split	MXD4		NM_006454	2249158	2263836	14678	630	100	no	6	txStart-txEnd	5'UTR-3'UTR			2249158	2263836																																											51.38						0.152551047660427	-0.352633837012323	-0.186392860565083	-0.362920265024982	1.29214097300775						2	7.7635e-01	8.9694e-01	0.0000						full=5
4_71552_9371067_DEL_1	4	71552	9371067	-9299515	DEL	4p- syndrom	Pathogenic	split	MYL5		NM_002477	671710	675817	4107	522	100	no	7	txStart-txEnd	5'UTR-3'UTR			671710	675817																																											77.92						-2.62354415217069	-2.53125239294469	-2.47162789907313	-0.841325117744977	-1.07172517579562						9	8.4023e-14	4.4299e-08	0.0000						full=5
4_71552_9371067_DEL_1	4	71552	9371067	-9299515	DEL	4p- syndrom	Pathogenic	split	NAT8L		NM_178557	2061053	2070816	9763	909	100	no	3	txStart-txEnd	5'UTR-3'UTR			2061053	2070816																gnomAD-SV_v2.1_DUP_4_10952	4:2060724-2076000																								30	0	40.87						0.098456637925367	0.547035422647778	0.555421231184509	-0.17378562567541	2.72200675038499	610647	?N-acetylaspartate deficiency, 614063 (3)	AR		yes	2	8.6458e-01	3.2468e-01	0.0000						full=5
4_71552_9371067_DEL_1	4	71552	9371067	-9299515	DEL	4p- syndrom	Pathogenic	split	NELFA		NM_005663	1984450	2010701	26251	1587	100	no	11	txStart-txEnd	5'UTR-3'UTR			1984450	2010701																																									0	0	62.86						0.0789021097033232	0.586448065563417	0.486612084123194	-0.704500724266535	2.35326609523799						2	1.3469e-01	1.6689e-01	0.6060	Brachydactyly;Broad thumb;Calvarial skull defect;Craniosynostosis;Preaxial hand polydactyly;Short thumb;Wolf-Hirschhorn syndrome					full=5
4_71552_9371067_DEL_1	4	71552	9371067	-9299515	DEL	4p- syndrom	Pathogenic	split	NKX1-1		NM_001290079	1396719	1400230	3511	1347	100	no	2	txStart-txEnd	5'UTR-3'UTR			1396719	1400230																gnomAD-SV_v2.1_DUP_4_10925	4:1395249-1402000	gnomAD-SV_v2.1_DEL_4_41642	4:1395999-1402000																								80.2									2.60422559153241	2.66896012411798						3	7.1465e-01	1.8842e-01	0.0000						full=5
4_71552_9371067_DEL_1	4	71552	9371067	-9299515	DEL	4p- syndrom	Pathogenic	split	NOP14		NM_001291978	2939663	2965133	25470	2574	100	no	18	txStart-txEnd	5'UTR-3'UTR			2939663	2965133																						IMH	4:2823209-17706072																				76.1									-0.287444310372334	-1.08649031284551						2	2.1363e-06	1.7449e-02	0.0000						full=5
4_71552_9371067_DEL_1	4	71552	9371067	-9299515	DEL	4p- syndrom	Pathogenic	split	NOP14-AS1		NR_015453	2937272	2952800	15528	0	0	no	4	txStart-txEnd	UTR			2937272	2952800																						IMH	4:2823209-17706072																																							0.0000						full=5
4_71552_9371067_DEL_1	4	71552	9371067	-9299515	DEL	4p- syndrom	Pathogenic	split	NSD2		NM_001042424	1873119	1983919	110800	4098	100	no	22	txStart-txEnd	5'UTR-3'UTR			1873119	1983919														9	4p_partial_monosomy_syndrome;Inborn_genetic_diseases;Wolf-Hirschhorn_like_syndrome																													probable	monoallelic	loss of function	NSD2-related developmental disorder (monoallelic)															0.6060	Brachydactyly;Broad thumb;Calvarial skull defect;Craniosynostosis;Preaxial hand polydactyly;Short thumb;Wolf-Hirschhorn syndrome	Brachydactyly;Broad thumb;Craniosynostosis;abnormal sternum ossification				full=5
4_71552_9371067_DEL_1	4	71552	9371067	-9299515	DEL	4p- syndrom	Pathogenic	split	NSG1		NM_001382227	4388828	4420785	31957	585	100	no	6	txStart-txEnd	5'UTR-3'UTR			4388828	4420785																						IMH	4:2823209-17706072;4:4005752-9642302;4:4006352-9641444;4:4041722-9068132;4:4151585-8958950																										-0.025549754331335	0.153242929586267	0.138678963648336	0.898629456776545	-0.214997258794035						7	8.8286e-03	4.5383e-03	0.0000						full=5
4_71552_9371067_DEL_1	4	71552	9371067	-9299515	DEL	4p- syndrom	Pathogenic	split	OTOP1		NM_177998	4190453	4228656	38203	1839	100	no	6	txStart-txEnd	5'UTR-3'UTR			4190453	4228656																						IMH	4:2823209-17706072;4:4005752-9642302;4:4006352-9641444;4:4041722-9068132;4:4151585-8958950																				80.7						0.337011959699387	0.333342940376347	0.48201697995522	0.532976598896309	-0.342636515952079						9	4.8437e-24	7.3147e-16	0.0000						full=5
4_71552_9371067_DEL_1	4	71552	9371067	-9299515	DEL	4p- syndrom	Pathogenic	split	PCGF3		NM_001317836	699620	764768	65148	729	100	no	12	txStart-txEnd	5'UTR-3'UTR			699620	764768																																											41.81						1.08104400698142	0.21167380707342	0.50450224433182	-1.15521787576548	2.22110482517757						1	9.5326e-01	9.4340e-01	0.0000						full=5
4_71552_9371067_DEL_1	4	71552	9371067	-9299515	DEL	4p- syndrom	Pathogenic	split	PDE6B		NM_000283	619361	664571	45210	2565	100	no	22	txStart-txEnd	5'UTR-3'UTR			619361	664571		Retinitis_pigmentosa	HP:0000547	CLN:801370;dbVar:nssv15161020;dbVar:nssv16216558	4:619583-619584;4:619589-619590;4:619589-619662	Night blindness, congenital stationary, AD 2, 163500 (3);Retinitis pigmentosa-40, 613801 (3)		dbVar:nssv16213637;morbid:PDE6B	4:619416-619883;4:646965-664571					32	Autosomal_recessive_retinitis_pigmentosa;Cone-rod_dystrophy;Leber_congenital_amaurosis;PDE6B-Related_Disorders;Retinal_dystrophy;Retinitis_pigmentosa;Retinitis_pigmentosa_40																												31.26						-1.62508422066579	-0.147567114346182	-0.732640703348332	-0.18186725937295	-0.360251650665831	180072	Night blindness, congenital stationary, AD 2, 163500 (3);Retinitis pigmentosa-40, 613801 (3)	AD;AR	yes		6	2.6155e-27	1.6257e-13	0.0000						full=5
4_71552_9371067_DEL_1	4	71552	9371067	-9299515	DEL	4p- syndrom	Pathogenic	split	PIGG		NM_001127178	492998	533989	40991	2952	100	no	13	txStart-txEnd	5'UTR-3'UTR			492998	533989						Mental retardation, AR 53, 616917 (3)		morbid:PIGG	4:492998-533989					11	Mental_retardation,_autosomal_recessive_53																												73.18	probable	biallelic	loss of function	Intellectual Disability with Seizures and Hypotonia	26996948	0.208571775574472	-1.00399823985698	-0.667367098831187	1.49327706340249	-0.0905757042419409	616918	Mental retardation, AR 53, 616917 (3)	AR	yes		5	5.4258e-15	8.7751e-07	0.3436	Brachydactyly;Broad thumb;Early-onset epilepsy-intellectual disability-brain anomalies syndrome;Hyperextensibility of the finger joints;Hypermobility of toe joints					full=5
4_71552_9371067_DEL_1	4	71552	9371067	-9299515	DEL	4p- syndrom	Pathogenic	split	POLN		NM_181808	2073644	2243848	170204	2703	100	no	26	txStart-txEnd	5'UTR-3'UTR			2073644	2243848																																											74.11						1.28008098953073	-0.213680271829885	0.298427608261686	0.0230368692484615	-1.08931776314455						7	9.4880e-41	2.9966e-32	0.0000						full=5
4_71552_9371067_DEL_1	4	71552	9371067	-9299515	DEL	4p- syndrom	Pathogenic	split	PPP2R2C		NM_020416	6322310	6474341	152031	1344	100	no	9	txStart-txEnd	5'UTR-3'UTR			6322310	6474341																						IMH	4:2823209-17706072;4:4005752-9642302;4:4006352-9641444;4:4041722-9068132;4:4151585-8958950																				50.29						0.338434929038259	0.422718688109719	0.476236130280707	-0.54023780146542	4.10111380803453						1	8.9954e-01	5.6445e-01	0.0000						full=5
4_71552_9371067_DEL_1	4	71552	9371067	-9299515	DEL	4p- syndrom	Pathogenic	split	PSAPL1		NM_001085382	7432011	7436657	4646	1566	96	no	1	txStart-txEnd	5'UTR-3'UTR			7432011	7436657																						IMH	4:2823209-17706072;4:4005752-9642302;4:4006352-9641444;4:4041722-9068132;4:4151585-8958950																				96.06						-0.246463271906552	-0.572766431683099	-0.498050358907741	-1.4518704411588	-1.9222533414192								3.3350e-11	0.0000						full=5
4_71552_9371067_DEL_1	4	71552	9371067	-9299515	DEL	4p- syndrom	Pathogenic	split	RGS12		NM_198229	3315873	3441640	125767	4344	100	no	18	txStart-txEnd	5'UTR-3'UTR			3315873	3441640																						IMH	4:2823209-17706072																				76.68						0.764664139864726	0.714317785060336	0.923141277111761	-0.25533666429365	0.674471945471649						3	4.0922e-09	5.6037e-04	0.0000						full=5
4_71552_9371067_DEL_1	4	71552	9371067	-9299515	DEL	4p- syndrom	Pathogenic	split	RNF212		NM_001131034	1065265	1107352	42087	894	100	no	10	txStart-txEnd	5'UTR-3'UTR			1065265	1107352						Recombination rate QTL 1, 612042 (3)		morbid:RNF212	4:1087096-1107352																																		88.48						-1.10887487197032	-0.266612828851805	-0.582493556461374	0.70441463212366	-0.142173437306223	612041	Recombination rate QTL 1, 612042 (3)		yes		4	1.5645e-03	1.2523e-01	0.0000						full=5
4_71552_9371067_DEL_1	4	71552	9371067	-9299515	DEL	4p- syndrom	Pathogenic	split	RNF4		NM_002938	2470832	2517583	46751	573	100	no	8	txStart-txEnd	5'UTR-3'UTR			2470832	2517583																																											46.49						0.675314441657105	-0.278968200252929	0.0738937137831485	0.142993789011855	1.01071894719792						2	7.9973e-01	6.2895e-01	0.0000						full=5
4_71552_9371067_DEL_1	4	71552	9371067	-9299515	DEL	4p- syndrom	Pathogenic	split	S100P		NM_005980	6695604	6698897	3293	288	100	no	2	txStart-txEnd	5'UTR-3'UTR			6695604	6698897																						IMH	4:2823209-17706072;4:4005752-9642302;4:4006352-9641444;4:4041722-9068132;4:4151585-8958950																				89.8						-0.0213485169134644	-0.684657921159283	-0.478383965590741	0.251281715605183	-0.615839346409602						9	3.3257e-02	4.8649e-02	0.0000						full=5
4_71552_9371067_DEL_1	4	71552	9371067	-9299515	DEL	4p- syndrom	Pathogenic	split	SCARNA22		NR_003004	1976362	1976487	125	0	0	no	1	txStart-txEnd	UTR			1976362	1976487																																																														0.0000						full=5
4_71552_9371067_DEL_1	4	71552	9371067	-9299515	DEL	4p- syndrom	Pathogenic	split	SH3BP2		NM_001145856	2819896	2842823	22927	1857	100	no	13	txStart-txEnd	5'UTR-3'UTR			2819896	2842823						Cherubism, 118400 (3)		morbid:SH3BP2	4:2820540-2842823					5	Fibrous_dysplasia_of_jaw																												63.94	possible	monoallelic	activating	Cherubism	11381256	0.0147924168443993	-0.755069155443864	-0.557230884715189	-0.774788091773142	0.0928341710725898	602104	Cherubism, 118400 (3)	AD	yes		6	1.1560e-11	3.1019e-03	0.4348		Brachydactyly;Broad thumb;Craniosynostosis;abnormal bone ossification;abnormal long bone morphology				full=5
4_71552_9371067_DEL_1	4	71552	9371067	-9299515	DEL	4p- syndrom	Pathogenic	split	SH3TC1		NM_018986	8201016	8242830	41814	4011	100	no	18	txStart-txEnd	5'UTR-3'UTR			8201016	8242830																						IMH	4:2823209-17706072;4:4005752-9642302;4:4006352-9641444;4:4041722-9068132;4:4151585-8958950																				89.77						-0.370323251116391	-0.462112374732113	-0.471672769326771	-2.08522134689875	-3.42040819381878						7	6.0939e-35	1.0820e-27	0.3435		Craniosynostosis;decreased bone mineral density				full=5
4_71552_9371067_DEL_1	4	71552	9371067	-9299515	DEL	4p- syndrom	Pathogenic	split	SLBP		NM_006527	1694457	1714046	19589	813	100	no	8	txStart-txEnd	5'UTR-3'UTR			1694457	1714046																																											41.08						-0.996144409589105	-0.44060461568473	-0.660904930034766	-0.443208130978936	0.50373477013136						4	6.8148e-02	5.1566e-01	0.0000						full=5
4_71552_9371067_DEL_1	4	71552	9371067	-9299515	DEL	4p- syndrom	Pathogenic	split	SLC26A1		NM_022042	981444	987192	5748	2106	100	no	3	txStart-txEnd	5'UTR-3'UTR			981444	987192														12	Hurler_syndrome;Mucopolysaccharidosis,_MPS-I-H/S;Mucopolysaccharidosis,_MPS-I-S;Mucopolysaccharidosis_type_1																												74.45						0.0296456908307138	-0.811800830743971	-0.614175007315312	-0.960716353370505	-0.560975494729554	610130	?Nephrolithiasis, calcium oxalate, 167030 (3)	AR		yes	8	1.0564e-11	4.0130e-06	0.0000						full=5
4_71552_9371067_DEL_1	4	71552	9371067	-9299515	DEL	4p- syndrom	Pathogenic	split	SLC49A3		NM_001294341	675617	682940	7323	1683	100	no	10	txStart-txEnd	5'UTR-3'UTR			675617	682940																gnomAD-SV_v2.1_DUP_4_10859	4:672999-683050																																													0.0000						full=5
4_71552_9371067_DEL_1	4	71552	9371067	-9299515	DEL	4p- syndrom	Pathogenic	split	SNORD162		NR_145783	4666052	4666150	98	0	0	no	1	txStart-txEnd	UTR			4666052	4666150																						IMH	4:2823209-17706072;4:4005752-9642302;4:4006352-9641444;4:4041722-9068132;4:4151585-8958950																																							0.0000						full=5
4_71552_9371067_DEL_1	4	71552	9371067	-9299515	DEL	4p- syndrom	Pathogenic	split	SORCS2		NM_020777	7194264	7744554	550290	3480	100	no	27	txStart-txEnd	5'UTR-3'UTR			7194264	7744554																						IMH	4:2823209-17706072;4:4005752-9642302;4:4006352-9641444;4:4041722-9068132;4:4151585-8958950																				69.5						1.29231994213647	0.27620541213653	0.660060919341019	-1.05139548669208	0.853955018782722						2	3.1696e-03	2.6463e-03	0.0000						full=5
4_71552_9371067_DEL_1	4	71552	9371067	-9299515	DEL	4p- syndrom	Pathogenic	split	SPON2		NM_001199021	1160720	1202750	42030	996	100	no	8	txStart-txEnd	5'UTR-3'UTR			1160720	1202750																																											77.93						0.386184284132793	-0.507819648222944	-0.233252267365632	0.982292085246316	0.77606556285772						9	2.6609e-15	1.0881e-06	0.0000						full=5
4_71552_9371067_DEL_1	4	71552	9371067	-9299515	DEL	4p- syndrom	Pathogenic	split	STK32B		NM_018401	5053206	5502716	449510	1245	100	no	12	txStart-txEnd	5'UTR-3'UTR			5053206	5502716																						IMH	4:2823209-17706072;4:4005752-9642302;4:4006352-9641444;4:4041722-9068132;4:4151585-8958950																				39.31						-0.246593908057665	0.0285262483698947	-0.063872653370671	-2.65953872619111	-2.04902349969142						5	4.9116e-08	4.3235e-03	0.0000						full=5
4_71552_9371067_DEL_1	4	71552	9371067	-9299515	DEL	4p- syndrom	Pathogenic	split	STX18		NM_016930	4420695	4543775	123080	1008	100	no	11	txStart-txEnd	5'UTR-3'UTR			4420695	4543775																						IMH	4:2823209-17706072;4:4005752-9642302;4:4006352-9641444;4:4041722-9068132;4:4151585-8958950																				39.55						0.843231894587517	0.108678775214296	0.455109011286475	-0.165997903989801	0.517811238015827						5	2.4881e-07	1.1678e-06	0.0000						full=5
4_71552_9371067_DEL_1	4	71552	9371067	-9299515	DEL	4p- syndrom	Pathogenic	split	STX18-AS1		NR_037888	4543857	4712664	168807	0	0	no	6	txStart-txEnd	UTR			4543857	4712664																						IMH	4:2823209-17706072;4:4005752-9642302;4:4006352-9641444;4:4041722-9068132;4:4151585-8958950																																							0.0000						full=5
4_71552_9371067_DEL_1	4	71552	9371067	-9299515	DEL	4p- syndrom	Pathogenic	split	STX18-IT1		NR_126434	4477847	4483427	5580	0	0	no	4	txStart-txEnd	UTR			4477847	4483427																						IMH	4:2823209-17706072;4:4005752-9642302;4:4006352-9641444;4:4041722-9068132;4:4151585-8958950																																							0.0000						full=5
4_71552_9371067_DEL_1	4	71552	9371067	-9299515	DEL	4p- syndrom	Pathogenic	split	TACC3		NM_006342	1723247	1746897	23650	2517	100	no	16	txStart-txEnd	5'UTR-3'UTR			1723247	1746897																																											92.5						-0.738565549612952	-1.04002887445022	-0.98783763752124	-1.00228696058413	-1.35276544118498						3	2.7082e-07	9.1952e-02	0.4206		Brachydactyly;Broad thumb;Craniosynostosis;abnormal bone ossification;absent caudal vertebrae				full=5
4_71552_9371067_DEL_1	4	71552	9371067	-9299515	DEL	4p- syndrom	Pathogenic	split	TADA2B		NM_152293	7045098	7059677	14579	1263	100	no	2	txStart-txEnd	5'UTR-3'UTR			7045098	7059677																						IMH	4:2823209-17706072;4:4005752-9642302;4:4006352-9641444;4:4041722-9068132;4:4151585-8958950																				53.19						0.052084742182682	-0.284361515719772	-0.145832700564166	0.664832774210228	4.02698047878354						2	7.2366e-01	3.4506e-01	0.0000						full=5
4_71552_9371067_DEL_1	4	71552	9371067	-9299515	DEL	4p- syndrom	Pathogenic	split	TBC1D14		NM_001113361	6911170	7034845	123675	2082	100	no	14	txStart-txEnd	5'UTR-3'UTR			6911170	7034845																						IMH	4:2823209-17706072;4:4005752-9642302;4:4006352-9641444;4:4041722-9068132;4:4151585-8958950																				58.66						0.38643088540431	0.788716334548764	0.774883176364413	-0.521938260031064	1.10884704568458						2	3.9267e-02	9.0900e-01	0.0000						full=5
4_71552_9371067_DEL_1	4	71552	9371067	-9299515	DEL	4p- syndrom	Pathogenic	split	TMED11P		NR_033768	1108984	1116952	7968	0	0	no	4	txStart-txEnd	UTR			1108984	1116952																																																														0.0000						full=5
4_71552_9371067_DEL_1	4	71552	9371067	-9299515	DEL	4p- syndrom	Pathogenic	split	TMEM128		NM_001297551	4237268	4249950	12682	498	100	no	5	txStart-txEnd	5'UTR-3'UTR			4237268	4249950																						IMH	4:2823209-17706072;4:4005752-9642302;4:4006352-9641444;4:4041722-9068132;4:4151585-8958950																				73.9									0.701580942281967	-0.111669494459405						8	1.9994e-04	1.1006e-01	0.0000						full=5
4_71552_9371067_DEL_1	4	71552	9371067	-9299515	DEL	4p- syndrom	Pathogenic	split	TMEM129		NM_001127266	1717678	1723050	5372	1089	100	no	4	txStart-txEnd	5'UTR-3'UTR			1717678	1723050																																											60.14									1.8774465029651	0.292414150336672						8	2.3074e-11	1.5746e-06	0.0000						full=5
4_71552_9371067_DEL_1	4	71552	9371067	-9299515	DEL	4p- syndrom	Pathogenic	split	TMEM175		NM_032326	926247	952443	26196	1515	100	no	11	txStart-txEnd	5'UTR-3'UTR			926247	952443																																											72.33						0.68130369659025	-0.684900012122083	-0.281672783681246	-0.335178666431938	-0.288196719712539						6	3.0549e-09	4.3963e-04	0.0000						full=5
4_71552_9371067_DEL_1	4	71552	9371067	-9299515	DEL	4p- syndrom	Pathogenic	split	TMEM271		NM_001362796	567668	570084	2416	1158	83	no	1	txStart-txEnd	5'UTR-3'UTR			567668	570084																																																														0.0000						full=5
4_71552_9371067_DEL_1	4	71552	9371067	-9299515	DEL	4p- syndrom	Pathogenic	split	TNIP2		NM_024309	2743374	2758063	14689	1290	100	no	6	txStart-txEnd	5'UTR-3'UTR			2743374	2758063																																											81.36						0.00376891322505335	0.175301121417126	0.165045961017247	0.837642525932054	1.18082169671465						3	1.5926e-03	2.9733e-06	0.0000						full=5
4_71552_9371067_DEL_1	4	71552	9371067	-9299515	DEL	4p- syndrom	Pathogenic	split	TRMT44		NM_152544	8442503	8478282	35779	2274	100	no	11	txStart-txEnd	5'UTR-3'UTR			8442503	8478282																						IMH	4:2823209-17706072;4:4005752-9642302;4:4006352-9641444;4:4041722-9068132;4:4151585-8958950																				87.71						-2.36525961978995	-1.15479952515637	-1.59282400997772	-0.488109075837714	-1.79889045378054						7	2.0315e-22	1.4776e-13	0.0000						full=5
4_71552_9371067_DEL_1	4	71552	9371067	-9299515	DEL	4p- syndrom	Pathogenic	split	USP17L10		NM_001256852	9212382	9213975	1593	1593	100	no	1	txStart-txEnd	5'UTR-3'UTR			9212382	9213975																DDD:12912;DDD:12919;IMH;gnomAD-SV_v2.1_DUP_4_11165;gnomAD-SV_v2.1_DUP_4_11169;gnomAD-SV_v2.1_DUP_4_11170;gnomAD-SV_v2.1_DUP_4_11174	4:8951721-9487283;4:8952198-9486394;4:8958203-9492295;4:8959917-9493802;4:9009829-9541289;4:9043825-9467101;4:9176164-9236152	1000g;DDD:12912;DDD:12915;DDD:12919;dgv923e199;esv3599566	4:9043825-9467101;4:9157568-9214307;4:9157568-9214307;4:9158154-9232046;4:9160214-9232041;4:9176164-9236152			IMH	4:2823209-17706072;4:4005752-9642302;4:4006352-9641444																				88.87																			0.0000						full=5
4_71552_9371067_DEL_1	4	71552	9371067	-9299515	DEL	4p- syndrom	Pathogenic	split	USP17L11		NM_001256854	9217130	9218723	1593	1593	100	no	1	txStart-txEnd	5'UTR-3'UTR			9217130	9218723																DDD:12912;DDD:12919;DDD:12922;IMH;gnomAD-SV_v2.1_DUP_4_11165;gnomAD-SV_v2.1_DUP_4_11169;gnomAD-SV_v2.1_DUP_4_11170;gnomAD-SV_v2.1_DUP_4_11174	4:8951721-9487283;4:8952198-9486394;4:8958203-9492295;4:8959917-9493802;4:9009829-9541289;4:9043825-9467101;4:9176164-9236152;4:9212770-9237062	DDD:12912;DDD:12915;DDD:12919;DDD:12922;dgv923e199	4:9043825-9467101;4:9158154-9232046;4:9160214-9232041;4:9176164-9236152;4:9212770-9237062			IMH	4:2823209-17706072;4:4005752-9642302;4:4006352-9641444																				92.38																			0.0000						full=5
4_71552_9371067_DEL_1	4	71552	9371067	-9299515	DEL	4p- syndrom	Pathogenic	split	USP17L12		NM_001256853	9221877	9223470	1593	1593	100	no	1	txStart-txEnd	5'UTR-3'UTR			9221877	9223470																DDD:12912;DDD:12919;DDD:12922;IMH;gnomAD-SV_v2.1_DUP_4_11165;gnomAD-SV_v2.1_DUP_4_11169;gnomAD-SV_v2.1_DUP_4_11170;gnomAD-SV_v2.1_DUP_4_11174	4:8951721-9487283;4:8952198-9486394;4:8958203-9492295;4:8959917-9493802;4:9009829-9541289;4:9043825-9467101;4:9176164-9236152;4:9212770-9237062	DDD:12912;DDD:12915;DDD:12919;DDD:12922;dgv923e199	4:9043825-9467101;4:9158154-9232046;4:9160214-9232041;4:9176164-9236152;4:9212770-9237062			IMH	4:2823209-17706072;4:4005752-9642302;4:4006352-9641444																				91.28																			0.0000						full=5
4_71552_9371067_DEL_1	4	71552	9371067	-9299515	DEL	4p- syndrom	Pathogenic	split	USP17L13		NM_001256855	9226621	9228214	1593	1593	100	no	1	txStart-txEnd	5'UTR-3'UTR			9226621	9228214																DDD:12912;DDD:12919;DDD:12922;IMH;gnomAD-SV_v2.1_DUP_4_11165;gnomAD-SV_v2.1_DUP_4_11169;gnomAD-SV_v2.1_DUP_4_11170;gnomAD-SV_v2.1_DUP_4_11174	4:8951721-9487283;4:8952198-9486394;4:8958203-9492295;4:8959917-9493802;4:9009829-9541289;4:9043825-9467101;4:9176164-9236152;4:9212770-9237062	DDD:12912;DDD:12915;DDD:12919;DDD:12922;dgv923e199	4:9043825-9467101;4:9158154-9232046;4:9160214-9232041;4:9176164-9236152;4:9212770-9237062			IMH	4:2823209-17706072;4:4005752-9642302;4:4006352-9641444																				93.57																			0.0000						full=5
4_71552_9371067_DEL_1	4	71552	9371067	-9299515	DEL	4p- syndrom	Pathogenic	split	USP17L15		NM_001256894	9236110	9237772	1662	1662	100	no	1	txStart-txEnd	5'UTR-3'UTR			9236110	9237772																DDD:12912;IMH;gnomAD-SV_v2.1_DUP_4_11165;gnomAD-SV_v2.1_DUP_4_11169;gnomAD-SV_v2.1_DUP_4_11170;gnomAD-SV_v2.1_DUP_4_11174	4:8951721-9487283;4:8952198-9486394;4:8958203-9492295;4:8959917-9493802;4:9009829-9541289;4:9043825-9467101	DDD:12912	4:9043825-9467101			IMH	4:2823209-17706072;4:4005752-9642302;4:4006352-9641444																				88.6																			0.0000						full=5
4_71552_9371067_DEL_1	4	71552	9371067	-9299515	DEL	4p- syndrom	Pathogenic	split	USP17L17		NM_001256857	9245604	9247197	1593	1593	100	no	1	txStart-txEnd	5'UTR-3'UTR			9245604	9247197																DDD:12912;IMH;gnomAD-SV_v2.1_DUP_4_11165;gnomAD-SV_v2.1_DUP_4_11169;gnomAD-SV_v2.1_DUP_4_11170;gnomAD-SV_v2.1_DUP_4_11174	4:8951721-9487283;4:8952198-9486394;4:8958203-9492295;4:8959917-9493802;4:9009829-9541289;4:9043825-9467101	DDD:12912	4:9043825-9467101			IMH	4:2823209-17706072;4:4005752-9642302;4:4006352-9641444																				91.84																			0.0000						full=5
4_71552_9371067_DEL_1	4	71552	9371067	-9299515	DEL	4p- syndrom	Pathogenic	split	USP17L18		NM_001256859	9217130	9218723	1593	1593	100	no	1	txStart-txEnd	5'UTR-3'UTR			9217130	9218723																DDD:12912;DDD:12919;DDD:12922;IMH;gnomAD-SV_v2.1_DUP_4_11165;gnomAD-SV_v2.1_DUP_4_11169;gnomAD-SV_v2.1_DUP_4_11170;gnomAD-SV_v2.1_DUP_4_11174	4:8951721-9487283;4:8952198-9486394;4:8958203-9492295;4:8959917-9493802;4:9009829-9541289;4:9043825-9467101;4:9176164-9236152;4:9212770-9237062	DDD:12912;DDD:12915;DDD:12919;DDD:12922;dgv923e199	4:9043825-9467101;4:9158154-9232046;4:9160214-9232041;4:9176164-9236152;4:9212770-9237062			IMH	4:2823209-17706072;4:4005752-9642302;4:4006352-9641444																				91.4																			0.0000						full=5
4_71552_9371067_DEL_1	4	71552	9371067	-9299515	DEL	4p- syndrom	Pathogenic	split	USP17L19		NM_001256860	9255103	9256696	1593	1593	100	no	1	txStart-txEnd	5'UTR-3'UTR			9255103	9256696																DDD:12912;IMH;gnomAD-SV_v2.1_DUP_4_11165;gnomAD-SV_v2.1_DUP_4_11169;gnomAD-SV_v2.1_DUP_4_11170;gnomAD-SV_v2.1_DUP_4_11174	4:8951721-9487283;4:8952198-9486394;4:8958203-9492295;4:8959917-9493802;4:9009829-9541289;4:9043825-9467101	DDD:12912	4:9043825-9467101			IMH	4:2823209-17706072;4:4005752-9642302;4:4006352-9641444																				89.82																			0.0000						full=5
4_71552_9371067_DEL_1	4	71552	9371067	-9299515	DEL	4p- syndrom	Pathogenic	split	USP17L20		NM_001256861	9217130	9218723	1593	1593	100	no	1	txStart-txEnd	5'UTR-3'UTR			9217130	9218723																DDD:12912;DDD:12919;DDD:12922;IMH;gnomAD-SV_v2.1_DUP_4_11165;gnomAD-SV_v2.1_DUP_4_11169;gnomAD-SV_v2.1_DUP_4_11170;gnomAD-SV_v2.1_DUP_4_11174	4:8951721-9487283;4:8952198-9486394;4:8958203-9492295;4:8959917-9493802;4:9009829-9541289;4:9043825-9467101;4:9176164-9236152;4:9212770-9237062	DDD:12912;DDD:12915;DDD:12919;DDD:12922;dgv923e199	4:9043825-9467101;4:9158154-9232046;4:9160214-9232041;4:9176164-9236152;4:9212770-9237062			IMH	4:2823209-17706072;4:4005752-9642302;4:4006352-9641444																				92.3																			0.0000						full=5
4_71552_9371067_DEL_1	4	71552	9371067	-9299515	DEL	4p- syndrom	Pathogenic	split	USP17L21		NM_001256862	9221877	9223470	1593	1593	100	no	1	txStart-txEnd	5'UTR-3'UTR			9221877	9223470																DDD:12912;DDD:12919;DDD:12922;IMH;gnomAD-SV_v2.1_DUP_4_11165;gnomAD-SV_v2.1_DUP_4_11169;gnomAD-SV_v2.1_DUP_4_11170;gnomAD-SV_v2.1_DUP_4_11174	4:8951721-9487283;4:8952198-9486394;4:8958203-9492295;4:8959917-9493802;4:9009829-9541289;4:9043825-9467101;4:9176164-9236152;4:9212770-9237062	DDD:12912;DDD:12915;DDD:12919;DDD:12922;dgv923e199	4:9043825-9467101;4:9158154-9232046;4:9160214-9232041;4:9176164-9236152;4:9212770-9237062			IMH	4:2823209-17706072;4:4005752-9642302;4:4006352-9641444																				93.14																			0.0000						full=5
4_71552_9371067_DEL_1	4	71552	9371067	-9299515	DEL	4p- syndrom	Pathogenic	split	USP17L22		NM_001256863	9259849	9261442	1593	1593	100	no	1	txStart-txEnd	5'UTR-3'UTR			9259849	9261442																DDD:12912;IMH;gnomAD-SV_v2.1_DUP_4_11165;gnomAD-SV_v2.1_DUP_4_11169;gnomAD-SV_v2.1_DUP_4_11170;gnomAD-SV_v2.1_DUP_4_11174	4:8951721-9487283;4:8952198-9486394;4:8958203-9492295;4:8959917-9493802;4:9009829-9541289;4:9043825-9467101	DDD:12912	4:9043825-9467101			IMH	4:2823209-17706072;4:4005752-9642302;4:4006352-9641444																				90.3																			0.0000						full=5
4_71552_9371067_DEL_1	4	71552	9371067	-9299515	DEL	4p- syndrom	Pathogenic	split	USP17L24		NM_001242327	9326890	9328483	1593	1593	100	no	1	txStart-txEnd	5'UTR-3'UTR			9326890	9328483																DDD:12912;IMH;gnomAD-SV_v2.1_DUP_4_11165;gnomAD-SV_v2.1_DUP_4_11169;gnomAD-SV_v2.1_DUP_4_11170;gnomAD-SV_v2.1_DUP_4_11174	4:8951721-9487283;4:8952198-9486394;4:8958203-9492295;4:8959917-9493802;4:9009829-9541289;4:9043825-9467101	DDD:12912	4:9043825-9467101			IMH	4:2823209-17706072;4:4005752-9642302;4:4006352-9641444																				94.26																			0.0000						full=5
4_71552_9371067_DEL_1	4	71552	9371067	-9299515	DEL	4p- syndrom	Pathogenic	split	USP17L25		NM_001242326	9326890	9328483	1593	1593	100	no	1	txStart-txEnd	5'UTR-3'UTR			9326890	9328483																DDD:12912;IMH;gnomAD-SV_v2.1_DUP_4_11165;gnomAD-SV_v2.1_DUP_4_11169;gnomAD-SV_v2.1_DUP_4_11170;gnomAD-SV_v2.1_DUP_4_11174	4:8951721-9487283;4:8952198-9486394;4:8958203-9492295;4:8959917-9493802;4:9009829-9541289;4:9043825-9467101	DDD:12912	4:9043825-9467101			IMH	4:2823209-17706072;4:4005752-9642302;4:4006352-9641444																				92.83																			0.0000						full=5
4_71552_9371067_DEL_1	4	71552	9371067	-9299515	DEL	4p- syndrom	Pathogenic	split	USP17L26		NM_001242328	9326890	9328483	1593	1593	100	no	1	txStart-txEnd	5'UTR-3'UTR			9326890	9328483																DDD:12912;IMH;gnomAD-SV_v2.1_DUP_4_11165;gnomAD-SV_v2.1_DUP_4_11169;gnomAD-SV_v2.1_DUP_4_11170;gnomAD-SV_v2.1_DUP_4_11174	4:8951721-9487283;4:8952198-9486394;4:8958203-9492295;4:8959917-9493802;4:9009829-9541289;4:9043825-9467101	DDD:12912	4:9043825-9467101			IMH	4:2823209-17706072;4:4005752-9642302;4:4006352-9641444																				92.3																			0.0000						full=5
4_71552_9371067_DEL_1	4	71552	9371067	-9299515	DEL	4p- syndrom	Pathogenic	split	USP17L27		NM_001242330	9326890	9328483	1593	1593	100	no	1	txStart-txEnd	5'UTR-3'UTR			9326890	9328483																DDD:12912;IMH;gnomAD-SV_v2.1_DUP_4_11165;gnomAD-SV_v2.1_DUP_4_11169;gnomAD-SV_v2.1_DUP_4_11170;gnomAD-SV_v2.1_DUP_4_11174	4:8951721-9487283;4:8952198-9486394;4:8958203-9492295;4:8959917-9493802;4:9009829-9541289;4:9043825-9467101	DDD:12912	4:9043825-9467101			IMH	4:2823209-17706072;4:4005752-9642302;4:4006352-9641444																				94.31																			0.0000						full=5
4_71552_9371067_DEL_1	4	71552	9371067	-9299515	DEL	4p- syndrom	Pathogenic	split	USP17L28		NM_001242331	9326890	9328483	1593	1593	100	no	1	txStart-txEnd	5'UTR-3'UTR			9326890	9328483																DDD:12912;IMH;gnomAD-SV_v2.1_DUP_4_11165;gnomAD-SV_v2.1_DUP_4_11169;gnomAD-SV_v2.1_DUP_4_11170;gnomAD-SV_v2.1_DUP_4_11174	4:8951721-9487283;4:8952198-9486394;4:8958203-9492295;4:8959917-9493802;4:9009829-9541289;4:9043825-9467101	DDD:12912	4:9043825-9467101			IMH	4:2823209-17706072;4:4005752-9642302;4:4006352-9641444																				95.78																			0.0000						full=5
4_71552_9371067_DEL_1	4	71552	9371067	-9299515	DEL	4p- syndrom	Pathogenic	split	USP17L29		NM_001242332	9326890	9328483	1593	1593	100	no	1	txStart-txEnd	5'UTR-3'UTR			9326890	9328483																DDD:12912;IMH;gnomAD-SV_v2.1_DUP_4_11165;gnomAD-SV_v2.1_DUP_4_11169;gnomAD-SV_v2.1_DUP_4_11170;gnomAD-SV_v2.1_DUP_4_11174	4:8951721-9487283;4:8952198-9486394;4:8958203-9492295;4:8959917-9493802;4:9009829-9541289;4:9043825-9467101	DDD:12912	4:9043825-9467101			IMH	4:2823209-17706072;4:4005752-9642302;4:4006352-9641444																				94.78																			0.0000						full=5
4_71552_9371067_DEL_1	4	71552	9371067	-9299515	DEL	4p- syndrom	Pathogenic	split	USP17L30		NM_001256867	9326890	9328483	1593	1593	100	no	1	txStart-txEnd	5'UTR-3'UTR			9326890	9328483																DDD:12912;IMH;gnomAD-SV_v2.1_DUP_4_11165;gnomAD-SV_v2.1_DUP_4_11169;gnomAD-SV_v2.1_DUP_4_11170;gnomAD-SV_v2.1_DUP_4_11174	4:8951721-9487283;4:8952198-9486394;4:8958203-9492295;4:8959917-9493802;4:9009829-9541289;4:9043825-9467101	DDD:12912	4:9043825-9467101			IMH	4:2823209-17706072;4:4005752-9642302;4:4006352-9641444																				94.83																			0.0000						full=5
4_71552_9371067_DEL_1	4	71552	9371067	-9299515	DEL	4p- syndrom	Pathogenic	split	USP17L5		NM_001242329	9326890	9328483	1593	1593	100	no	1	txStart-txEnd	5'UTR-3'UTR			9326890	9328483																DDD:12912;IMH;gnomAD-SV_v2.1_DUP_4_11165;gnomAD-SV_v2.1_DUP_4_11169;gnomAD-SV_v2.1_DUP_4_11170;gnomAD-SV_v2.1_DUP_4_11174	4:8951721-9487283;4:8952198-9486394;4:8958203-9492295;4:8959917-9493802;4:9009829-9541289;4:9043825-9467101	DDD:12912	4:9043825-9467101			IMH	4:2823209-17706072;4:4005752-9642302;4:4006352-9641444																				93.97																			0.0000						full=5
4_71552_9371067_DEL_1	4	71552	9371067	-9299515	DEL	4p- syndrom	Pathogenic	split	USP17L6P		NR_027279	9369599	9370796	1197	0	0	no	1	txStart-txEnd	UTR			9369599	9370796																DDD:12912;IMH;gnomAD-SV_v2.1_DUP_4_11165;gnomAD-SV_v2.1_DUP_4_11169;gnomAD-SV_v2.1_DUP_4_11170;gnomAD-SV_v2.1_DUP_4_11174	4:8951721-9487283;4:8952198-9486394;4:8958203-9492295;4:8959917-9493802;4:9009829-9541289;4:9043825-9467101	DDD:12912	4:9043825-9467101			IMH	4:2823209-17706072;4:4005752-9642302;4:4006352-9641444																																							0.0000						full=5
4_71552_9371067_DEL_1	4	71552	9371067	-9299515	DEL	4p- syndrom	Pathogenic	split	USP17L9P		NR_046416	9360107	9361700	1593	0	0	no	1	txStart-txEnd	UTR			9360107	9361700																DDD:12912;IMH;gnomAD-SV_v2.1_DUP_4_11165;gnomAD-SV_v2.1_DUP_4_11169;gnomAD-SV_v2.1_DUP_4_11170;gnomAD-SV_v2.1_DUP_4_11174	4:8951721-9487283;4:8952198-9486394;4:8958203-9492295;4:8959917-9493802;4:9009829-9541289;4:9043825-9467101	DDD:12912	4:9043825-9467101			IMH	4:2823209-17706072;4:4005752-9642302;4:4006352-9641444																																							0.0000						full=5
4_71552_9371067_DEL_1	4	71552	9371067	-9299515	DEL	4p- syndrom	Pathogenic	split	UVSSA		NM_001317934	1340995	1381837	40842	2130	100	no	14	txStart-txEnd	5'UTR-3'UTR			1340995	1381837						UV-sensitive syndrome 3, 614640 (3)		morbid:UVSSA	4:1341343-1381837																																		81.41	confirmed	biallelic	loss of function	UV-SENSITIVE SYNDROME					-1.108132588085	-3.07621828146639	614632	UV-sensitive syndrome 3, 614640 (3)	AR	yes		7	5.4127e-25	8.8875e-14	0.0000						full=5
4_71552_9371067_DEL_1	4	71552	9371067	-9299515	DEL	4p- syndrom	Pathogenic	split	WFS1		NM_001145853	6271576	6304992	33416	2673	100	no	8	txStart-txEnd	5'UTR-3'UTR			6271576	6304992						?Cataract 41, 116400 (3);Deafness, AD 6;14;38, 600965 (3);Wolfram syndrome 1, 222300 (3);Wolfram-like syndrome, AD, 614296 (3);Diabetes mellitus, noninsulin-dependent, association with, 125853 (3)		morbid:WFS1	4:6271576-6304992					32	Abnormality_of_the_cervical_spine;Abnormality_of_the_diaphragm;Abnormality_of_the_vertebral_column;Arachnodactyly;Autosomal_dominant_nonsyndromic_deafness_6;Cerebellar_vermis_hypoplasia;Cleft_palate;DFNA6/14/38_Nonsyndromic_Low-Frequency_Sensorineural_Hearing_Loss;Dandy-Walker_syndrome;Diabetes_mellitus;Diabetes_mellitus_AND_insipidus_with_optic_atrophy_AND_deafness;Diaphragmatic_eventration;Duane_anomaly;Feeding_difficulties;Global_developmental_delay;Hydronephrosis;Hydroureter;Inborn_genetic_diseases;Laryngomalacia;Microglossia;Micrognathia;Nyctalopia;Rare_genetic_deafness;Sensorineural_hearing_loss;Small_hand;Type_2_diabetes_mellitus;WFS1-Related_Spectrum_Disorders;Wolfram-like_syndrome,_autosomal_dominant;Wolfram_syndrome							IMH	4:2823209-17706072;4:4005752-9642302;4:4006352-9641444;4:4041722-9068132;4:4151585-8958950																		0	0	33.79	confirmed	biallelic;monoallelic	all missense/in frame;loss of function	WOLFRAM SYNDROME 1;Wolfram-like syndrome, autosomal dominant	16648378;21538838;20069065;18544103;21602428;11317648;15277431;15070927;25390390;11295831;16459465;16151413;15503287;14724730;21968327;21067485;19160074;15605410;16442662;12707373;22226368;17568405;15151504;9771706;18806274;21623591;20875904;22781099;21446023;21726277;12107816;21564155;22238590;11161832;18660851;19042979;23373429;21823543;22311385;23103830;10521293	0.279433736423428	0.30418592454869	0.420298457025828			606201	?Cataract 41, 116400 (3);Deafness, AD 6/14/38, 600965 (3);Wolfram syndrome 1, 222300 (3);Wolfram-like syndrome, AD, 614296 (3);(Diabetes mellitus, noninsulin-dependent, association with), 125853 (3)	AD;AR	yes	yes	9	1.6231e-38		0.4728	Brachydactyly;Broad thumb;Limited mobility of proximal interphalangeal joint;Wolfram syndrome 1					full=5
4_71552_9371067_DEL_1	4	71552	9371067	-9299515	DEL	4p- syndrom	Pathogenic	split	ZBTB49		NM_001330625	4291977	4323510	31533	2298	100	no	8	txStart-txEnd	5'UTR-3'UTR			4291977	4323510																						IMH	4:2823209-17706072;4:4005752-9642302;4:4006352-9641444;4:4041722-9068132;4:4151585-8958950																				89.21						-0.48130989574319	0.452744382601107	0.130333981724112	-0.597063638061633	0.18239534186363						4	1.3752e-08	9.1642e-03	0.0000						full=5
4_71552_9371067_DEL_1	4	71552	9371067	-9299515	DEL	4p- syndrom	Pathogenic	split	ZFYVE28		NM_020972	2271323	2420372	149049	2664	100	no	13	txStart-txEnd	5'UTR-3'UTR			2271323	2420372																																											65.21						-0.00272190900027315	-0.788064481059993	-0.590406277851698	-0.457051628812482	-0.248524904723244						2	7.2340e-02	8.8846e-01	0.4287		Brachydactyly;Broad thumb;Craniosynostosis;increased bone mineral density;increased caudal vertebrae number				full=5
4_71552_9371067_DEL_1	4	71552	9371067	-9299515	DEL	4p- syndrom	Pathogenic	split	ZNF141		NM_003441	331602	378657	47055	1425	100	no	4	txStart-txEnd	5'UTR-3'UTR			331602	378657																																											89.36						-0.117374836114298	-1.63248668554434	-1.22454087327741	0.724425471954094	-0.520531332003985	194648	?Polydactyly, postaxial, type A6, 615226 (3)	AR		yes	7	1.0393e-01	1.6189e-01	0.7344	?Polydactyly, postaxial, type A6;Brachydactyly;Broad phalanges of the 5th finger;Broad thumb					full=5
4_71552_9371067_DEL_1	4	71552	9371067	-9299515	DEL	4p- syndrom	Pathogenic	split	ZNF595		NM_001286052	53178	88099	16547	1717	92	yes	9	intron2-txEnd	CDS-3'UTR	12103	5'	71552	88099																																											93									-2.08573739588537	-0.684191486481177						6	3.0550e-01	1.7753e-05	0.0000						full=5
4_71552_9371067_DEL_1	4	71552	9371067	-9299515	DEL	4p- syndrom	Pathogenic	split	ZNF718		NM_001289930	124357	157949	33592	1214	100	yes	2	txStart-txEnd	5'UTR-3'UTR			124357	157949																																																														0.0000						full=5
4_71552_9371067_DEL_1	4	71552	9371067	-9299515	DEL	4p- syndrom	Pathogenic	split	ZNF721		NM_133474	433778	492945	59167	2772	100	no	3	txStart-txEnd	5'UTR-3'UTR			433778	492945																																											96.95									-1.7693057852588	-2.76319865584382						9	9.4789e-02	5.9729e-11	0.0000						full=5
4_71552_9371067_DEL_1	4	71552	9371067	-9299515	DEL	4p- syndrom	Pathogenic	split	ZNF732		NM_001137608	264463	299263	34800	1758	100	no	4	txStart-txEnd	5'UTR-3'UTR			264463	299263																																											90.28						0.287750339613682	0.450417704041247	0.400052517453145	-1.34614550091757	-3.06736199452323						7	9.8159e-02	1.3118e-09	0.0000						full=5
4_71552_9371067_DEL_1	4	71552	9371067	-9299515	DEL	4p- syndrom	Pathogenic	split	ZNF876P		NR_027481	206388	249773	43385	0	0	no	2	txStart-txEnd	UTR			206388	249773																																																														0.0000						full=5
11_66287088_66288847_DEL_1	11	66287088	66288847	-1759	DEL	BBS1 internal frameshift	Pathogenic	full	BBS1;ZDHHC24	2															ACTN3;AP5B1;BANF1 (EX=0.5950/morbid);BBS1 (EX=0.6867/morbid);BRMS1;C11orf68;C11orf80 (morbid);C11orf86;CATSPER1 (morbid);CCDC85B;CCDC87;CCS;CD248;CFL1;CNIH2 (EX=0.2805);CTSF (EX=0.2309/morbid);DPP3;DRAP1;FIBP (EX=0.5034/morbid);FOSL1;KDM2A;KLC2 (morbid);LRFN4;MRPL11;NPAS4;PACS1 (EX=0.7778/morbid);PC (morbid);PELI3;RAB1B;RBM14;RBM14-RBM4;RBM4;RBM4B;RCE1;RHOD;RIN1;SART1 (EX=0.3308);SF3B2;SLC29A2;SPTBN2 (EX=0.3869/morbid);TMEM151A;YIF1A;ZDHHC24													3	Bardet-Biedl_syndrome;Bardet-Biedl_syndrome_1							IMH	11:1642919-71249653;11:49233127-89368291;11:49425031-89029881;11:49425380-89029675;11:49580505-88798755;11:49652144-88728247;11:50025477-108975588			0.565	0.545																67.28						-0.648300458519823	0.663432885116562	0.155145712015149	0.635599914039232	1.04727080312339	209901			yes			4.2080e-04	6.1403e-03	0.6867				1.2	1A;2E-1 (BBS1);3A (2 genes);5H (RE:PACS1)	5
11_66287088_66288847_DEL_1	11	66287088	66288847	-1759	DEL	BBS1 internal frameshift	Pathogenic	split	BBS1		NM_024649	66278105	66301069	1759	238	13	yes	17	exon8-intron9	CDS	0	5'	66287088	66288847														3	Bardet-Biedl_syndrome;Bardet-Biedl_syndrome_1							IMH	11:1642919-71249653;11:49233127-89368291;11:49425031-89029881;11:49425380-89029675;11:49580505-88798755;11:49652144-88728247;11:50025477-108975588																				40.7	confirmed	biallelic	loss of function	BARDET-BIEDL SYNDROME TYPE 1		-0.648300458519823	0.663432885116562	0.155145712015149	0.0819191978639822	0.0377121632347663	209901	Bardet-Biedl syndrome 1, 209900 (3)	AR, Digenic recessive	yes		5	3.4063e-12	1.7787e-07	0.6867	Bardet-Biedl syndrome 1;Brachydactyly;Broad thumb;Postaxial hand polydactyly					full=5
11_66287088_66288847_DEL_1	11	66287088	66288847	-1759	DEL	BBS1 internal frameshift	Pathogenic	split	ZDHHC24		NM_001348571	66288095	66313519	752	0	0	no	5	exon5-txEnd	3'UTR	90	3'	66288095	66288847														1	Bardet-Biedl_syndrome_1							IMH	11:1642919-71249653;11:49233127-89368291;11:49425031-89029881;11:49425380-89029675;11:49580505-88798755;11:49652144-88728247;11:50025477-108975588																				67.28						-1.23986898178133	0.616417349113344	-0.188374414893838	0.635599914039232	1.04727080312339						7	4.2080e-04	6.1403e-03	0.0000						full=5
16_1565629_1571297_DUP_1	16	1565629	1571297	5668	DUP	IFT140 tandem duplication 	Pathogenic	full	IFT140	1																		dbVar:nssv15130130;nssv15130131;nssv15130132	16:1565629-1571297			dbVar:nssv16208781	16:1568217-1570809					5	Jeune_thoracic_dystrophy;Retinal_dystrophy;Retinitis_pigmentosa;Saldino-Mainzer_syndrome											0.520	0.500	16:1565417-1565697;16:1565697-1565893	AluJr;L1MEf	16:1571133-1571365	AluJb												69.24						-1.52736818830718	-0.448946429663129	-0.844654865976432	-0.922111894578121	-1.23259677674915	614620			yes			9.9140e-24	9.1377e-18	0.7441				1.15	1A;2A (cf P_gain_source);3A (1 gene);5H (IFT140)	5
16_1565629_1571297_DUP_1	16	1565629	1571297	5668	DUP	IFT140 tandem duplication 	Pathogenic	split	IFT140		NM_014714	1560427	1662073	5668	729	16	no	31	intron26-intron30	CDS	488	3'	1565629	1571297				dbVar:nssv15130130;nssv15130131;nssv15130132	16:1565629-1571297			dbVar:nssv16208781	16:1568217-1570809					5	Jeune_thoracic_dystrophy;Retinal_dystrophy;Retinitis_pigmentosa;Saldino-Mainzer_syndrome																												69.24	confirmed	biallelic	loss of function	MAINZER-SALDINO SYNDROME	22503633	-1.52736818830718	-0.448946429663129	-0.844654865976432	-0.922111894578121	-1.23259677674915	614620	Retinitis pigmentosa 80, 617781 (3);Short-rib thoracic dysplasia 9 with or without polydactyly, 266920 (3)	AR	yes		4	9.9140e-24	9.1377e-18	0.7441	Brachydactyly;Broad thumb;Craniosynostosis;Short phalanx of finger;Short-rib thoracic dysplasia 9 with or without polydactyly	Brachydactyly;Broad thumb;polydactyly				full=5
5_723194_777000_DUP_1	5	723194	777000	53806	DUP		Benign	full	ZDHHC11B	1															AHRR;BRD9;CEP72;CLPTM1L;EXOC3;PDCD6;SDHA (morbid);SLC12A7;SLC9A3 (morbid);SLC9A3-AS1;TPPP (EX=0.3529);TRIP13 (EX=0.7159/morbid);ZDHHC11;ZDHHC11B															DDD:16279;DDD:16284;dgv131e203	5:653581-875018;5:686603-840273;5:708602-865477	DDD:16279;DDD:16284;dgv131e203	5:653581-875018;5:686603-840273;5:708602-865477			IMH	5:238914-1591166;5:244072-1583559;5:244335-1583852;5:261960-1570436			0.395	0.580	5:721916-723166	L1ME3F					5:686122-731394	5:770127-777143								98.37									0.535222227518795	-0.0274451648003615							3.6787e-13	4.3228e-02	0.0000				0.15	1A;2E (cf B_gain_source);3A (1 gene);5H (RE:TRIP13)	3
5_723194_777000_DUP_1	5	723194	777000	53806	DUP		Benign	split	ZDHHC11B		NM_001351303	710469	784844	53806	1058	94	yes	14	intron1-intron12	5'UTR-CDS	6214	3'	723194	777000																DDD:16279;DDD:16284;dgv131e203	5:653581-875018;5:686603-840273;5:708602-865477	DDD:16279;DDD:16284;dgv131e203	5:653581-875018;5:686603-840273;5:708602-865477			IMH	5:238914-1591166;5:244072-1583559;5:244335-1583852;5:261960-1570436																				98.37									0.535222227518795	-0.0274451648003615						8	3.6787e-13	4.3228e-02	0.0000						full=3
15_34735949_34806953_DEL_1	15	34735949	34806953	-71004	DEL		Benign	full		0															AQR;GJD2;GOLGA8A;GOLGA8B;LPCAT4;NOP10 (EX=0.3764/morbid);NUTM1;PGBD4;SLC12A6 (EX=0.7319/morbid)															1000g;gnomAD-SV_v2.1_DUP_15_39836	15:34704999-34821150;15:34721236-34836826	1000g;DDD:44673;DDD:44674;dgv313n27;dgv43e203;esv3636115;esv3892663;gnomAD-SV_v2.1_DEL_15_146738;gnomAD-SV_v2.1_DEL_15_146739;nsv517751	15:34647568-34871296;15:34674030-35008201;15:34674424-35009836;15:34678777-34862723;15:34710126-34856557;15:34718594-34807869;15:34718594-34871296;15:34721236-34836826;15:34721236-34836826;15:34726357-34872885							0.340	0.660							15:34730083-34776964	15:34782962-34820866;15:34800000-34813836																											-1.0				-0.7	1A;2F (cf B_loss_source);3A (0 gene);5H (RE:SLC12A6)	3
7_110276505_110478039_INS_1	7	110276505	110478039		INS		NA	full	IMMP2L	1															IMMP2L;LRRN3																					IMH	7:66631328-143298938;7:94121576-144414055	7:110400001-111360000	ENCFF274VJU:ENCFF588KUZ	0.350	0.360	7:110276590-110276648	L2b														4.25						-2.62354415217069	0.194113758998799	-2.47162789907313	-0.54322591056105	-0.0234666178325726							1.1165e-02	4.0761e-02	0.0000						NA
7_110276505_110478039_INS_1	7	110276505	110478039		INS		NA	split	IMMP2L		NM_001244606	110302699	111202548	175340	120	22	no	7	intron6-txEnd	CDS-3'UTR	48609	5'	110302699	110478039																						IMH	7:66631328-143298938;7:94121576-144414055																				4.25						-2.62354415217069	0.194113758998799	-2.47162789907313	-0.54322591056105	-0.0234666178325726						6	1.1165e-02	4.0761e-02	0.0000						full=NA
